id,user_id,params,accuracy,time_taken
35,BB8DA7A,"{""epochs"": {""value"": 15.0, ""comment"": 3, ""comment_other"": """"}, ""batchSize"": {""value"": 1000.0, ""comment"": 3, ""comment_other"": """"}, ""lossFunction"": {""value"": ""mean_squared_loss"", ""comment"": 3, ""comment_other"": """"}, ""optimizer"": {""value"": ""sgd"", ""comment"": 3, ""comment_other"": """"}, ""finalSubmission"": {""value"": false}, ""learningRate"": {""value"": 0.001, ""comment"": 3, ""comment_other"": """"}, ""epsilon"": {""value"": 1e-06, ""comment"": """", ""comment_other"": """"}, ""beta1"": {""value"": 0.9, ""comment_other"": """", ""comment"": """"}, ""beta2"": {""value"": 0.999, ""comment_other"": """", ""comment"": """"}, ""weightDecay"": {""value"": 0.9, ""comment"": 3, ""comment_other"": """"}, ""rho"": {""value"": 0.9, ""comment"": """", ""comment_other"": """"}, ""learningRateDecay"": {""value"": 0, ""comment"": """", ""comment_other"": """"}, ""initialAccumulator"": {""value"": 0, ""comment"": """", ""comment_other"": """"}, ""alpha"": {""value"": 0.75, ""comment"": """", ""comment_other"": """"}, ""lambda"": {""value"": 0.0001, ""comment"": """", ""comment_other"": """"}, ""momentum"": {""value"": 0.0, ""comment"": 3, ""comment_other"": """"}, ""user_id"": ""BB8DA7A""}",0.114,77.777
36,BB8DA7A,"{""epochs"": {""value"": 15.0, ""comment"": 3, ""comment_other"": """"}, ""batchSize"": {""value"": 1000.0, ""comment"": 3, ""comment_other"": """"}, ""lossFunction"": {""value"": ""mean_squared_loss"", ""comment"": 3, ""comment_other"": """"}, ""optimizer"": {""value"": ""adam_optimizer"", ""comment"": 3, ""comment_other"": """"}, ""finalSubmission"": {""value"": false}, ""learningRate"": {""value"": 0.001, ""comment"": 3, ""comment_other"": """"}, ""epsilon"": {""value"": 1e-10, ""comment"": """", ""comment_other"": """"}, ""beta1"": {""value"": 0.9, ""comment_other"": """", ""comment"": """"}, ""beta2"": {""value"": 0.999, ""comment_other"": """", ""comment"": """"}, ""weightDecay"": {""value"": 0.9, ""comment"": 3, ""comment_other"": """"}, ""rho"": {""value"": 0.9, ""comment"": """", ""comment_other"": """"}, ""learningRateDecay"": {""value"": 0, ""comment"": """", ""comment_other"": """"}, ""initialAccumulator"": {""value"": 0, ""comment"": """", ""comment_other"": """"}, ""alpha"": {""value"": 0.75, ""comment"": """", ""comment_other"": """"}, ""lambda"": {""value"": 0.0001, ""comment"": """", ""comment_other"": """"}, ""momentum"": {""value"": 0.0, ""comment"": 3, ""comment_other"": """"}, ""user_id"": ""BB8DA7A""}",0.1,78.0957
37,BB8DA7A,"{""epochs"": {""value"": 15.0, ""comment"": 3, ""comment_other"": """"}, ""batchSize"": {""value"": 100.0, ""comment"": 3, ""comment_other"": """"}, ""lossFunction"": {""value"": ""mean_squared_loss"", ""comment"": 3, ""comment_other"": """"}, ""optimizer"": {""value"": ""adam_optimizer"", ""comment"": 3, ""comment_other"": """"}, ""finalSubmission"": {""value"": false}, ""learningRate"": {""value"": 0.001, ""comment"": 3, ""comment_other"": """"}, ""epsilon"": {""value"": 1e-10, ""comment"": """", ""comment_other"": """"}, ""beta1"": {""value"": 0.0, ""comment_other"": """", ""comment"": """"}, ""beta2"": {""value"": 0.999, ""comment_other"": """", ""comment"": """"}, ""weightDecay"": {""value"": 0.9, ""comment"": 3, ""comment_other"": """"}, ""rho"": {""value"": 0.9, ""comment"": """", ""comment_other"": """"}, ""learningRateDecay"": {""value"": 0, ""comment"": """", ""comment_other"": """"}, ""initialAccumulator"": {""value"": 0, ""comment"": """", ""comment_other"": """"}, ""alpha"": {""value"": 0.75, ""comment"": """", ""comment_other"": """"}, ""lambda"": {""value"": 0.0001, ""comment"": """", ""comment_other"": """"}, ""momentum"": {""value"": 0.0, ""comment"": 3, ""comment_other"": """"}, ""user_id"": ""BB8DA7A""}",0.1,88.8
38,BB8DA7A,"{""epochs"": {""value"": 15.0, ""comment"": 3, ""comment_other"": """"}, ""batchSize"": {""value"": 100.0, ""comment"": 3, ""comment_other"": """"}, ""lossFunction"": {""value"": ""mean_squared_loss"", ""comment"": 3, ""comment_other"": """"}, ""optimizer"": {""value"": ""adam_optimizer"", ""comment"": 3, ""comment_other"": """"}, ""finalSubmission"": {""value"": false}, ""learningRate"": {""value"": 0.01, ""comment"": 3, ""comment_other"": """"}, ""epsilon"": {""value"": 1e-10, ""comment"": """", ""comment_other"": """"}, ""beta1"": {""value"": 0.0, ""comment_other"": """", ""comment"": """"}, ""beta2"": {""value"": 0.999, ""comment_other"": """", ""comment"": """"}, ""weightDecay"": {""value"": 0.9, ""comment"": 3, ""comment_other"": """"}, ""rho"": {""value"": 0.9, ""comment"": """", ""comment_other"": """"}, ""learningRateDecay"": {""value"": 0, ""comment"": """", ""comment_other"": """"}, ""initialAccumulator"": {""value"": 0, ""comment"": """", ""comment_other"": """"}, ""alpha"": {""value"": 0.75, ""comment"": """", ""comment_other"": """"}, ""lambda"": {""value"": 0.0001, ""comment"": """", ""comment_other"": """"}, ""momentum"": {""value"": 0.0, ""comment"": 3, ""comment_other"": """"}, ""user_id"": ""BB8DA7A""}",0.1,89.0097
39,BB8DA7A,"{""epochs"": {""value"": 15.0, ""comment"": 3, ""comment_other"": """"}, ""batchSize"": {""value"": 10.0, ""comment"": 3, ""comment_other"": """"}, ""lossFunction"": {""value"": ""mean_squared_loss"", ""comment"": 3, ""comment_other"": """"}, ""optimizer"": {""value"": ""rms_prop"", ""comment"": 3, ""comment_other"": """"}, ""finalSubmission"": {""value"": false}, ""learningRate"": {""value"": 0.01, ""comment"": 3, ""comment_other"": """"}, ""epsilon"": {""value"": 1e-10, ""comment"": """", ""comment_other"": """"}, ""beta1"": {""value"": 0.0, ""comment_other"": """", ""comment"": """"}, ""beta2"": {""value"": 0.999, ""comment_other"": """", ""comment"": """"}, ""weightDecay"": {""value"": 0.9, ""comment"": 3, ""comment_other"": """"}, ""rho"": {""value"": 0.9, ""comment"": """", ""comment_other"": """"}, ""learningRateDecay"": {""value"": 0, ""comment"": """", ""comment_other"": """"}, ""initialAccumulator"": {""value"": 0, ""comment"": """", ""comment_other"": """"}, ""alpha"": {""value"": 1.0, ""comment"": """", ""comment_other"": """"}, ""lambda"": {""value"": 0.0001, ""comment"": """", ""comment_other"": """"}, ""momentum"": {""value"": 0.0, ""comment"": 3, ""comment_other"": """"}, ""user_id"": ""BB8DA7A""}",-1,4.13418
40,BB8DA7A,"{""epochs"": {""value"": 15.0, ""comment"": 3, ""comment_other"": """"}, ""batchSize"": {""value"": 10.0, ""comment"": 3, ""comment_other"": """"}, ""lossFunction"": {""value"": ""mean_squared_loss"", ""comment"": 3, ""comment_other"": """"}, ""optimizer"": {""value"": ""rms_prop"", ""comment"": 3, ""comment_other"": """"}, ""finalSubmission"": {""value"": false}, ""learningRate"": {""value"": 0.01, ""comment"": 3, ""comment_other"": """"}, ""epsilon"": {""value"": 1e-10, ""comment"": """", ""comment_other"": """"}, ""beta1"": {""value"": 0.0, ""comment_other"": """", ""comment"": """"}, ""beta2"": {""value"": 0.999, ""comment_other"": """", ""comment"": """"}, ""weightDecay"": {""value"": 0.9, ""comment"": 3, ""comment_other"": """"}, ""rho"": {""value"": 0.9, ""comment"": """", ""comment_other"": """"}, ""learningRateDecay"": {""value"": 0, ""comment"": """", ""comment_other"": """"}, ""initialAccumulator"": {""value"": 0, ""comment"": """", ""comment_other"": """"}, ""alpha"": {""value"": 1.0, ""comment"": """", ""comment_other"": """"}, ""lambda"": {""value"": 0.0001, ""comment"": """", ""comment_other"": """"}, ""momentum"": {""value"": 0.0, ""comment"": 3, ""comment_other"": """"}, ""user_id"": ""BB8DA7A""}",-1,4.05653
41,BB8DA7A,"{""epochs"": {""value"": 15.0, ""comment"": 3, ""comment_other"": """"}, ""batchSize"": {""value"": 10.0, ""comment"": 3, ""comment_other"": """"}, ""lossFunction"": {""value"": ""mean_squared_loss"", ""comment"": 3, ""comment_other"": """"}, ""optimizer"": {""value"": ""rms_prop"", ""comment"": 3, ""comment_other"": """"}, ""finalSubmission"": {""value"": false}, ""learningRate"": {""value"": 0.01, ""comment"": 3, ""comment_other"": """"}, ""epsilon"": {""value"": 1e-10, ""comment"": """", ""comment_other"": """"}, ""beta1"": {""value"": 0.0, ""comment_other"": """", ""comment"": """"}, ""beta2"": {""value"": 0.999, ""comment_other"": """", ""comment"": """"}, ""weightDecay"": {""value"": 0.9, ""comment"": 3, ""comment_other"": """"}, ""rho"": {""value"": 0.9, ""comment"": """", ""comment_other"": """"}, ""learningRateDecay"": {""value"": 0, ""comment"": """", ""comment_other"": """"}, ""initialAccumulator"": {""value"": 0, ""comment"": """", ""comment_other"": """"}, ""alpha"": {""value"": 1.0, ""comment"": """", ""comment_other"": """"}, ""lambda"": {""value"": 0.0001, ""comment"": """", ""comment_other"": """"}, ""momentum"": {""value"": 0.0, ""comment"": 3, ""comment_other"": """"}, ""user_id"": ""BB8DA7A""}",-1,4.05641
42,BB8DA7A,"{""epochs"": {""value"": 15.0, ""comment"": 3, ""comment_other"": """"}, ""batchSize"": {""value"": 10.0, ""comment"": 3, ""comment_other"": """"}, ""lossFunction"": {""value"": ""mean_squared_loss"", ""comment"": 3, ""comment_other"": """"}, ""optimizer"": {""value"": ""adam_optimizer"", ""comment"": 3, ""comment_other"": """"}, ""finalSubmission"": {""value"": false}, ""learningRate"": {""value"": 0.01, ""comment"": 3, ""comment_other"": """"}, ""epsilon"": {""value"": 1e-10, ""comment"": """", ""comment_other"": """"}, ""beta1"": {""value"": 0.0, ""comment_other"": """", ""comment"": """"}, ""beta2"": {""value"": 0.0, ""comment_other"": """", ""comment"": """"}, ""weightDecay"": {""value"": 0.9, ""comment"": 3, ""comment_other"": """"}, ""rho"": {""value"": 0.9, ""comment"": """", ""comment_other"": """"}, ""learningRateDecay"": {""value"": 0, ""comment"": """", ""comment_other"": """"}, ""initialAccumulator"": {""value"": 0, ""comment"": """", ""comment_other"": """"}, ""alpha"": {""value"": 1.0, ""comment"": """", ""comment_other"": """"}, ""lambda"": {""value"": 0.0001, ""comment"": """", ""comment_other"": """"}, ""momentum"": {""value"": 0.0, ""comment"": 3, ""comment_other"": """"}, ""user_id"": ""BB8DA7A""}",0.1,504.423
43,347864A,"{""epochs"": {""value"": 10.0, ""comment"": """", ""comment_other"": """"}, ""batchSize"": {""value"": 1000.0, ""comment"": """", ""comment_other"": """"}, ""lossFunction"": {""value"": ""cross_entropy"", ""comment"": """", ""comment_other"": """"}, ""optimizer"": {""value"": ""averaged_sgd"", ""comment"": """", ""comment_other"": """"}, ""finalSubmission"": {""value"": false}, ""learningRate"": {""value"": 2000.0, ""comment"": """", ""comment_other"": """"}, ""epsilon"": {""value"": 1e-06, ""comment"": """", ""comment_other"": """"}, ""beta1"": {""value"": 0.9, ""comment_other"": """", ""comment"": """"}, ""beta2"": {""value"": 0.999, ""comment_other"": """", ""comment"": """"}, ""weightDecay"": {""value"": 5.0, ""comment"": """", ""comment_other"": """"}, ""rho"": {""value"": 0.9, ""comment"": """", ""comment_other"": """"}, ""learningRateDecay"": {""value"": 0, ""comment"": """", ""comment_other"": """"}, ""initialAccumulator"": {""value"": 0, ""comment"": """", ""comment_other"": """"}, ""alpha"": {""value"": 7.0, ""comment"": """", ""comment_other"": """"}, ""lambda"": {""value"": 7.0, ""comment"": """", ""comment_other"": """"}, ""momentum"": {""value"": 0, ""comment"": """", ""comment_other"": """"}, ""user_id"": ""347864A""}",0.1,53.1193
44,347864A,"{""epochs"": {""value"": 10.0, ""comment"": """", ""comment_other"": """"}, ""batchSize"": {""value"": 1000.0, ""comment"": """", ""comment_other"": """"}, ""lossFunction"": {""value"": ""cross_entropy"", ""comment"": """", ""comment_other"": """"}, ""optimizer"": {""value"": ""averaged_sgd"", ""comment"": """", ""comment_other"": """"}, ""finalSubmission"": {""value"": false}, ""learningRate"": {""value"": 0.001, ""comment"": """", ""comment_other"": """"}, ""epsilon"": {""value"": 1e-06, ""comment"": """", ""comment_other"": """"}, ""beta1"": {""value"": 0.9, ""comment_other"": """", ""comment"": """"}, ""beta2"": {""value"": 0.999, ""comment_other"": """", ""comment"": """"}, ""weightDecay"": {""value"": 0, ""comment"": """", ""comment_other"": """"}, ""rho"": {""value"": 0.9, ""comment"": """", ""comment_other"": """"}, ""learningRateDecay"": {""value"": 0, ""comment"": """", ""comment_other"": """"}, ""initialAccumulator"": {""value"": 0, ""comment"": """", ""comment_other"": """"}, ""alpha"": {""value"": 0.75, ""comment"": """", ""comment_other"": """"}, ""lambda"": {""value"": 0.0001, ""comment"": """", ""comment_other"": """"}, ""momentum"": {""value"": 0, ""comment"": """", ""comment_other"": """"}, ""user_id"": ""347864A""}",0.116,53.5252
45,347864A,"{""epochs"": {""value"": 100.0, ""comment"": """", ""comment_other"": """"}, ""batchSize"": {""value"": 100000.0, ""comment"": """", ""comment_other"": """"}, ""lossFunction"": {""value"": ""cross_entropy"", ""comment"": """", ""comment_other"": """"}, ""optimizer"": {""value"": ""averaged_sgd"", ""comment"": """", ""comment_other"": """"}, ""finalSubmission"": {""value"": false}, ""learningRate"": {""value"": 0.001, ""comment"": """", ""comment_other"": """"}, ""epsilon"": {""value"": 1e-06, ""comment"": """", ""comment_other"": """"}, ""beta1"": {""value"": 0.9, ""comment_other"": """", ""comment"": """"}, ""beta2"": {""value"": 0.999, ""comment_other"": """", ""comment"": """"}, ""weightDecay"": {""value"": 0, ""comment"": """", ""comment_other"": """"}, ""rho"": {""value"": 0.9, ""comment"": """", ""comment_other"": """"}, ""learningRateDecay"": {""value"": 0, ""comment"": """", ""comment_other"": """"}, ""initialAccumulator"": {""value"": 0, ""comment"": """", ""comment_other"": """"}, ""alpha"": {""value"": 0.75, ""comment"": """", ""comment_other"": """"}, ""lambda"": {""value"": 0.0001, ""comment"": """", ""comment_other"": """"}, ""momentum"": {""value"": 0, ""comment"": """", ""comment_other"": """"}, ""user_id"": ""347864A""}",-2,-1
46,347864A,"{""epochs"": {""value"": 100.0, ""comment"": 4, ""comment_other"": """"}, ""batchSize"": {""value"": 250.0, ""comment"": 1, ""comment_other"": """"}, ""lossFunction"": {""value"": ""cross_entropy"", ""comment"": 1, ""comment_other"": """"}, ""optimizer"": {""value"": ""averaged_sgd"", ""comment"": 1, ""comment_other"": """"}, ""finalSubmission"": {""value"": false}, ""learningRate"": {""value"": 0.001, ""comment"": 2, ""comment_other"": """"}, ""epsilon"": {""value"": 1e-06, ""comment"": """", ""comment_other"": """"}, ""beta1"": {""value"": 0.9, ""comment_other"": """", ""comment"": """"}, ""beta2"": {""value"": 0.999, ""comment_other"": """", ""comment"": """"}, ""weightDecay"": {""value"": 0, ""comment"": 2, ""comment_other"": """"}, ""rho"": {""value"": 0.9, ""comment"": """", ""comment_other"": """"}, ""learningRateDecay"": {""value"": 0, ""comment"": """", ""comment_other"": """"}, ""initialAccumulator"": {""value"": 0, ""comment"": """", ""comment_other"": """"}, ""alpha"": {""value"": 0.75, ""comment"": 2, ""comment_other"": """"}, ""lambda"": {""value"": 0.0001, ""comment"": 2, ""comment_other"": """"}, ""momentum"": {""value"": 0, ""comment"": """", ""comment_other"": """"}, ""user_id"": ""347864A""}",0.528,503.22
47,347864A,"{""epochs"": {""value"": 30.0, ""comment"": 1, ""comment_other"": """"}, ""batchSize"": {""value"": 250.0, ""comment"": 3, ""comment_other"": """"}, ""lossFunction"": {""value"": ""cross_entropy"", ""comment"": 3, ""comment_other"": """"}, ""optimizer"": {""value"": ""averaged_sgd"", ""comment"": 3, ""comment_other"": """"}, ""finalSubmission"": {""value"": false}, ""learningRate"": {""value"": 10.0, ""comment"": 1, ""comment_other"": """"}, ""epsilon"": {""value"": 1e-06, ""comment"": """", ""comment_other"": """"}, ""beta1"": {""value"": 0.9, ""comment_other"": """", ""comment"": """"}, ""beta2"": {""value"": 0.999, ""comment_other"": """", ""comment"": """"}, ""weightDecay"": {""value"": 0, ""comment"": 2, ""comment_other"": """"}, ""rho"": {""value"": 0.9, ""comment"": """", ""comment_other"": """"}, ""learningRateDecay"": {""value"": 0, ""comment"": """", ""comment_other"": """"}, ""initialAccumulator"": {""value"": 0, ""comment"": """", ""comment_other"": """"}, ""alpha"": {""value"": 0.75, ""comment"": 2, ""comment_other"": """"}, ""lambda"": {""value"": 0.0001, ""comment"": 2, ""comment_other"": """"}, ""momentum"": {""value"": 0, ""comment"": """", ""comment_other"": """"}, ""user_id"": ""347864A""}",-1,4.32802
48,347864A,"{""epochs"": {""value"": 30.0, ""comment"": 1, ""comment_other"": """"}, ""batchSize"": {""value"": 250.0, ""comment"": 3, ""comment_other"": """"}, ""lossFunction"": {""value"": ""cross_entropy"", ""comment"": 3, ""comment_other"": """"}, ""optimizer"": {""value"": ""averaged_sgd"", ""comment"": 3, ""comment_other"": """"}, ""finalSubmission"": {""value"": false}, ""learningRate"": {""value"": 5.0, ""comment"": 1, ""comment_other"": """"}, ""epsilon"": {""value"": 1e-06, ""comment"": """", ""comment_other"": """"}, ""beta1"": {""value"": 0.9, ""comment_other"": """", ""comment"": """"}, ""beta2"": {""value"": 0.999, ""comment_other"": """", ""comment"": """"}, ""weightDecay"": {""value"": 0, ""comment"": 2, ""comment_other"": """"}, ""rho"": {""value"": 0.9, ""comment"": """", ""comment_other"": """"}, ""learningRateDecay"": {""value"": 0, ""comment"": """", ""comment_other"": """"}, ""initialAccumulator"": {""value"": 0, ""comment"": """", ""comment_other"": """"}, ""alpha"": {""value"": 0.75, ""comment"": 2, ""comment_other"": """"}, ""lambda"": {""value"": 0.0001, ""comment"": 2, ""comment_other"": """"}, ""momentum"": {""value"": 0, ""comment"": """", ""comment_other"": """"}, ""user_id"": ""347864A""}",-1,4.31754
49,347864A,"{""epochs"": {""value"": 30.0, ""comment"": 1, ""comment_other"": """"}, ""batchSize"": {""value"": 250.0, ""comment"": 3, ""comment_other"": """"}, ""lossFunction"": {""value"": ""cross_entropy"", ""comment"": 3, ""comment_other"": """"}, ""optimizer"": {""value"": ""averaged_sgd"", ""comment"": 3, ""comment_other"": """"}, ""finalSubmission"": {""value"": false}, ""learningRate"": {""value"": 1.0, ""comment"": 1, ""comment_other"": """"}, ""epsilon"": {""value"": 1e-06, ""comment"": """", ""comment_other"": """"}, ""beta1"": {""value"": 0.9, ""comment_other"": """", ""comment"": """"}, ""beta2"": {""value"": 0.999, ""comment_other"": """", ""comment"": """"}, ""weightDecay"": {""value"": 0, ""comment"": 2, ""comment_other"": """"}, ""rho"": {""value"": 0.9, ""comment"": """", ""comment_other"": """"}, ""learningRateDecay"": {""value"": 0, ""comment"": """", ""comment_other"": """"}, ""initialAccumulator"": {""value"": 0, ""comment"": """", ""comment_other"": """"}, ""alpha"": {""value"": 0.75, ""comment"": 2, ""comment_other"": """"}, ""lambda"": {""value"": 0.0001, ""comment"": 2, ""comment_other"": """"}, ""momentum"": {""value"": 0, ""comment"": """", ""comment_other"": """"}, ""user_id"": ""347864A""}",-1,4.40686
50,347864A,"{""epochs"": {""value"": 30.0, ""comment"": 1, ""comment_other"": """"}, ""batchSize"": {""value"": 250.0, ""comment"": 3, ""comment_other"": """"}, ""lossFunction"": {""value"": ""cross_entropy"", ""comment"": 3, ""comment_other"": """"}, ""optimizer"": {""value"": ""averaged_sgd"", ""comment"": 3, ""comment_other"": """"}, ""finalSubmission"": {""value"": false}, ""learningRate"": {""value"": 10.0, ""comment"": 1, ""comment_other"": """"}, ""epsilon"": {""value"": 1e-06, ""comment"": """", ""comment_other"": """"}, ""beta1"": {""value"": 0.9, ""comment_other"": """", ""comment"": """"}, ""beta2"": {""value"": 0.999, ""comment_other"": """", ""comment"": """"}, ""weightDecay"": {""value"": 10.0, ""comment"": 1, ""comment_other"": """"}, ""rho"": {""value"": 0.9, ""comment"": """", ""comment_other"": """"}, ""learningRateDecay"": {""value"": 0, ""comment"": """", ""comment_other"": """"}, ""initialAccumulator"": {""value"": 0, ""comment"": """", ""comment_other"": """"}, ""alpha"": {""value"": 0.75, ""comment"": 2, ""comment_other"": """"}, ""lambda"": {""value"": 0.0001, ""comment"": 2, ""comment_other"": """"}, ""momentum"": {""value"": 0, ""comment"": """", ""comment_other"": """"}, ""user_id"": ""347864A""}",-1,4.40706
51,347864A,"{""epochs"": {""value"": 30.0, ""comment"": 1, ""comment_other"": """"}, ""batchSize"": {""value"": 250.0, ""comment"": 3, ""comment_other"": """"}, ""lossFunction"": {""value"": ""cross_entropy"", ""comment"": 3, ""comment_other"": """"}, ""optimizer"": {""value"": ""averaged_sgd"", ""comment"": 3, ""comment_other"": """"}, ""finalSubmission"": {""value"": false}, ""learningRate"": {""value"": 10.0, ""comment"": 1, ""comment_other"": """"}, ""epsilon"": {""value"": 1e-06, ""comment"": """", ""comment_other"": """"}, ""beta1"": {""value"": 0.9, ""comment_other"": """", ""comment"": """"}, ""beta2"": {""value"": 0.999, ""comment_other"": """", ""comment"": """"}, ""weightDecay"": {""value"": 10.0, ""comment"": 1, ""comment_other"": """"}, ""rho"": {""value"": 0.9, ""comment"": """", ""comment_other"": """"}, ""learningRateDecay"": {""value"": 0, ""comment"": """", ""comment_other"": """"}, ""initialAccumulator"": {""value"": 0, ""comment"": """", ""comment_other"": """"}, ""alpha"": {""value"": 10.0, ""comment"": 1, ""comment_other"": """"}, ""lambda"": {""value"": 10.0, ""comment"": 1, ""comment_other"": """"}, ""momentum"": {""value"": 0, ""comment"": """", ""comment_other"": """"}, ""user_id"": ""347864A""}",0.1,152.923
52,347864A,"{""epochs"": {""value"": 30.0, ""comment"": 1, ""comment_other"": """"}, ""batchSize"": {""value"": 250.0, ""comment"": 3, ""comment_other"": """"}, ""lossFunction"": {""value"": ""cross_entropy"", ""comment"": 3, ""comment_other"": """"}, ""optimizer"": {""value"": ""averaged_sgd"", ""comment"": 3, ""comment_other"": """"}, ""finalSubmission"": {""value"": false}, ""learningRate"": {""value"": 0.001, ""comment"": 2, ""comment_other"": """"}, ""epsilon"": {""value"": 1e-06, ""comment"": """", ""comment_other"": """"}, ""beta1"": {""value"": 0.9, ""comment_other"": """", ""comment"": """"}, ""beta2"": {""value"": 0.999, ""comment_other"": """", ""comment"": """"}, ""weightDecay"": {""value"": 0, ""comment"": 2, ""comment_other"": """"}, ""rho"": {""value"": 0.9, ""comment"": """", ""comment_other"": """"}, ""learningRateDecay"": {""value"": 0, ""comment"": """", ""comment_other"": """"}, ""initialAccumulator"": {""value"": 0, ""comment"": """", ""comment_other"": """"}, ""alpha"": {""value"": 0.75, ""comment"": 2, ""comment_other"": """"}, ""lambda"": {""value"": 0.0001, ""comment"": 2, ""comment_other"": """"}, ""momentum"": {""value"": 0, ""comment"": """", ""comment_other"": """"}, ""user_id"": ""347864A""}",0.298,152.921
53,347864A,"{""epochs"": {""value"": 200.0, ""comment"": 1, ""comment_other"": """"}, ""batchSize"": {""value"": 300.0, ""comment"": 1, ""comment_other"": """"}, ""lossFunction"": {""value"": ""cross_entropy"", ""comment"": 3, ""comment_other"": """"}, ""optimizer"": {""value"": ""averaged_sgd"", ""comment"": 3, ""comment_other"": """"}, ""finalSubmission"": {""value"": false}, ""learningRate"": {""value"": 0.001, ""comment"": 2, ""comment_other"": """"}, ""epsilon"": {""value"": 1e-06, ""comment"": """", ""comment_other"": """"}, ""beta1"": {""value"": 0.9, ""comment_other"": """", ""comment"": """"}, ""beta2"": {""value"": 0.999, ""comment_other"": """", ""comment"": """"}, ""weightDecay"": {""value"": 0, ""comment"": 2, ""comment_other"": """"}, ""rho"": {""value"": 0.9, ""comment"": """", ""comment_other"": """"}, ""learningRateDecay"": {""value"": 0, ""comment"": """", ""comment_other"": """"}, ""initialAccumulator"": {""value"": 0, ""comment"": """", ""comment_other"": """"}, ""alpha"": {""value"": 0.75, ""comment"": 2, ""comment_other"": """"}, ""lambda"": {""value"": 0.0001, ""comment"": 2, ""comment_other"": """"}, ""momentum"": {""value"": 0, ""comment"": """", ""comment_other"": """"}, ""user_id"": ""347864A""}",0.618,1000.57
54,347864A,"{""epochs"": {""value"": 250.0, ""comment"": 1, ""comment_other"": """"}, ""batchSize"": {""value"": 350.0, ""comment"": 1, ""comment_other"": """"}, ""lossFunction"": {""value"": ""cross_entropy"", ""comment"": 3, ""comment_other"": """"}, ""optimizer"": {""value"": ""averaged_sgd"", ""comment"": 3, ""comment_other"": """"}, ""finalSubmission"": {""value"": false}, ""learningRate"": {""value"": 0.001, ""comment"": 2, ""comment_other"": """"}, ""epsilon"": {""value"": 1e-06, ""comment"": """", ""comment_other"": """"}, ""beta1"": {""value"": 0.9, ""comment_other"": """", ""comment"": """"}, ""beta2"": {""value"": 0.999, ""comment_other"": """", ""comment"": """"}, ""weightDecay"": {""value"": 0, ""comment"": 2, ""comment_other"": """"}, ""rho"": {""value"": 0.9, ""comment"": """", ""comment_other"": """"}, ""learningRateDecay"": {""value"": 0, ""comment"": """", ""comment_other"": """"}, ""initialAccumulator"": {""value"": 0, ""comment"": """", ""comment_other"": """"}, ""alpha"": {""value"": 0.75, ""comment"": 2, ""comment_other"": """"}, ""lambda"": {""value"": 0.0001, ""comment"": 2, ""comment_other"": """"}, ""momentum"": {""value"": 0, ""comment"": """", ""comment_other"": """"}, ""user_id"": ""347864A""}",0.552,1233.16
55,347864A,"{""epochs"": {""value"": 50.0, ""comment"": 1, ""comment_other"": """"}, ""batchSize"": {""value"": 250.0, ""comment"": 1, ""comment_other"": """"}, ""lossFunction"": {""value"": ""cross_entropy"", ""comment"": 3, ""comment_other"": """"}, ""optimizer"": {""value"": ""averaged_sgd"", ""comment"": 3, ""comment_other"": """"}, ""finalSubmission"": {""value"": false}, ""learningRate"": {""value"": 0.001, ""comment"": 2, ""comment_other"": """"}, ""epsilon"": {""value"": 1e-06, ""comment"": """", ""comment_other"": """"}, ""beta1"": {""value"": 0.9, ""comment_other"": """", ""comment"": """"}, ""beta2"": {""value"": 0.999, ""comment_other"": """", ""comment"": """"}, ""weightDecay"": {""value"": 0, ""comment"": 2, ""comment_other"": """"}, ""rho"": {""value"": 0.9, ""comment"": """", ""comment_other"": """"}, ""learningRateDecay"": {""value"": 0, ""comment"": """", ""comment_other"": """"}, ""initialAccumulator"": {""value"": 0, ""comment"": """", ""comment_other"": """"}, ""alpha"": {""value"": 0.75, ""comment"": 2, ""comment_other"": """"}, ""lambda"": {""value"": 0.0001, ""comment"": 2, ""comment_other"": """"}, ""momentum"": {""value"": 0, ""comment"": """", ""comment_other"": """"}, ""user_id"": ""347864A""}",0.398,252.959
56,347864A,"{""epochs"": {""value"": 100.0, ""comment"": 1, ""comment_other"": """"}, ""batchSize"": {""value"": 300.0, ""comment"": 1, ""comment_other"": """"}, ""lossFunction"": {""value"": ""mean_squared_loss"", ""comment"": 1, ""comment_other"": """"}, ""optimizer"": {""value"": ""sgd"", ""comment"": 1, ""comment_other"": """"}, ""finalSubmission"": {""value"": false}, ""learningRate"": {""value"": 0.001, ""comment"": 2, ""comment_other"": """"}, ""epsilon"": {""value"": 1e-06, ""comment"": """", ""comment_other"": """"}, ""beta1"": {""value"": 0.9, ""comment_other"": """", ""comment"": """"}, ""beta2"": {""value"": 0.999, ""comment_other"": """", ""comment"": """"}, ""weightDecay"": {""value"": 0, ""comment"": 2, ""comment_other"": """"}, ""rho"": {""value"": 0.9, ""comment"": """", ""comment_other"": """"}, ""learningRateDecay"": {""value"": 0, ""comment"": """", ""comment_other"": """"}, ""initialAccumulator"": {""value"": 0, ""comment"": """", ""comment_other"": """"}, ""alpha"": {""value"": 10.0, ""comment"": 2, ""comment_other"": """"}, ""lambda"": {""value"": 10.0, ""comment"": 2, ""comment_other"": """"}, ""momentum"": {""value"": 0, ""comment"": 2, ""comment_other"": """"}, ""user_id"": ""347864A""}",0.248,502.686
57,347864A,"{""epochs"": {""value"": 100.0, ""comment"": 1, ""comment_other"": """"}, ""batchSize"": {""value"": 300.0, ""comment"": 1, ""comment_other"": """"}, ""lossFunction"": {""value"": ""cross_entropy"", ""comment"": 1, ""comment_other"": """"}, ""optimizer"": {""value"": ""rms_prop"", ""comment"": 1, ""comment_other"": """"}, ""finalSubmission"": {""value"": false}, ""learningRate"": {""value"": 0.001, ""comment"": 2, ""comment_other"": """"}, ""epsilon"": {""value"": 1e-06, ""comment"": """", ""comment_other"": """"}, ""beta1"": {""value"": 0.9, ""comment_other"": """", ""comment"": """"}, ""beta2"": {""value"": 0.999, ""comment_other"": """", ""comment"": """"}, ""weightDecay"": {""value"": 0, ""comment"": 2, ""comment_other"": """"}, ""rho"": {""value"": 0.9, ""comment"": """", ""comment_other"": """"}, ""learningRateDecay"": {""value"": 0, ""comment"": """", ""comment_other"": """"}, ""initialAccumulator"": {""value"": 0, ""comment"": """", ""comment_other"": """"}, ""alpha"": {""value"": 0.75, ""comment"": 2, ""comment_other"": """"}, ""lambda"": {""value"": 10.0, ""comment"": 2, ""comment_other"": """"}, ""momentum"": {""value"": 0, ""comment"": 2, ""comment_other"": """"}, ""user_id"": ""347864A""}",-3,-1
58,347864A,"{""epochs"": {""value"": 100.0, ""comment"": 1, ""comment_other"": """"}, ""batchSize"": {""value"": 300.0, ""comment"": 1, ""comment_other"": """"}, ""lossFunction"": {""value"": ""cross_entropy"", ""comment"": 1, ""comment_other"": """"}, ""optimizer"": {""value"": ""adam_optimizer"", ""comment"": 1, ""comment_other"": """"}, ""finalSubmission"": {""value"": false}, ""learningRate"": {""value"": 0.001, ""comment"": 2, ""comment_other"": """"}, ""epsilon"": {""value"": 1e-06, ""comment"": """", ""comment_other"": """"}, ""beta1"": {""value"": 0.9, ""comment_other"": """", ""comment"": """"}, ""beta2"": {""value"": 0.999, ""comment_other"": """", ""comment"": """"}, ""weightDecay"": {""value"": 0, ""comment"": 2, ""comment_other"": """"}, ""rho"": {""value"": 0.9, ""comment"": """", ""comment_other"": """"}, ""learningRateDecay"": {""value"": 0, ""comment"": """", ""comment_other"": """"}, ""initialAccumulator"": {""value"": 0, ""comment"": """", ""comment_other"": """"}, ""alpha"": {""value"": 10.0, ""comment"": 2, ""comment_other"": """"}, ""lambda"": {""value"": 10.0, ""comment"": 2, ""comment_other"": """"}, ""momentum"": {""value"": 0, ""comment"": 2, ""comment_other"": """"}, ""user_id"": ""347864A""}",0.59,505.38
59,193DD8A,"{""epochs"": {""value"": 10.0, ""comment"": 1, ""comment_other"": """"}, ""batchSize"": {""value"": 80.0, ""comment"": 1, ""comment_other"": """"}, ""lossFunction"": {""value"": ""cross_entropy"", ""comment"": 1, ""comment_other"": """"}, ""optimizer"": {""value"": ""ada_delta"", ""comment"": 1, ""comment_other"": """"}, ""finalSubmission"": {""value"": false}, ""learningRate"": {""value"": 0.001, ""comment"": 2, ""comment_other"": """"}, ""epsilon"": {""value"": 1e-06, ""comment"": 2, ""comment_other"": """"}, ""beta1"": {""value"": 0.9, ""comment_other"": """", ""comment"": """"}, ""beta2"": {""value"": 0.999, ""comment_other"": """", ""comment"": """"}, ""weightDecay"": {""value"": 0, ""comment"": 2, ""comment_other"": """"}, ""rho"": {""value"": 0.9, ""comment"": 2, ""comment_other"": """"}, ""learningRateDecay"": {""value"": 0, ""comment"": """", ""comment_other"": """"}, ""initialAccumulator"": {""value"": 0, ""comment"": """", ""comment_other"": """"}, ""alpha"": {""value"": 0.75, ""comment"": """", ""comment_other"": """"}, ""lambda"": {""value"": 0.0001, ""comment"": """", ""comment_other"": """"}, ""momentum"": {""value"": 0, ""comment"": """", ""comment_other"": """"}, ""user_id"": ""193DD8A""}",0.222,68.1831
60,193DD8A,"{""epochs"": {""value"": 15.0, ""comment"": 4, ""comment_other"": """"}, ""batchSize"": {""value"": 50.0, ""comment"": 2, ""comment_other"": """"}, ""lossFunction"": {""value"": ""cross_entropy"", ""comment"": 1, ""comment_other"": """"}, ""optimizer"": {""value"": ""ada_delta"", ""comment"": 1, ""comment_other"": """"}, ""finalSubmission"": {""value"": false}, ""learningRate"": {""value"": 0.001, ""comment"": 2, ""comment_other"": """"}, ""epsilon"": {""value"": 1e-06, ""comment"": 2, ""comment_other"": """"}, ""beta1"": {""value"": 0.9, ""comment_other"": """", ""comment"": """"}, ""beta2"": {""value"": 0.999, ""comment_other"": """", ""comment"": """"}, ""weightDecay"": {""value"": 0, ""comment"": 2, ""comment_other"": """"}, ""rho"": {""value"": 0.9, ""comment"": 2, ""comment_other"": """"}, ""learningRateDecay"": {""value"": 0, ""comment"": """", ""comment_other"": """"}, ""initialAccumulator"": {""value"": 0, ""comment"": """", ""comment_other"": """"}, ""alpha"": {""value"": 0.75, ""comment"": """", ""comment_other"": """"}, ""lambda"": {""value"": 0.0001, ""comment"": """", ""comment_other"": """"}, ""momentum"": {""value"": 0, ""comment"": """", ""comment_other"": """"}, ""user_id"": ""193DD8A""}",0.308,133.51
61,193DD8A,"{""epochs"": {""value"": 15.0, ""comment"": 4, ""comment_other"": """"}, ""batchSize"": {""value"": 30.0, ""comment"": 2, ""comment_other"": """"}, ""lossFunction"": {""value"": ""cross_entropy"", ""comment"": 1, ""comment_other"": """"}, ""optimizer"": {""value"": ""ada_delta"", ""comment"": 1, ""comment_other"": """"}, ""finalSubmission"": {""value"": false}, ""learningRate"": {""value"": 0.001, ""comment"": 2, ""comment_other"": """"}, ""epsilon"": {""value"": 1e-06, ""comment"": 2, ""comment_other"": """"}, ""beta1"": {""value"": 0.9, ""comment_other"": """", ""comment"": """"}, ""beta2"": {""value"": 0.999, ""comment_other"": """", ""comment"": """"}, ""weightDecay"": {""value"": 0, ""comment"": 2, ""comment_other"": """"}, ""rho"": {""value"": 0.9, ""comment"": 2, ""comment_other"": """"}, ""learningRateDecay"": {""value"": 0, ""comment"": """", ""comment_other"": """"}, ""initialAccumulator"": {""value"": 0, ""comment"": """", ""comment_other"": """"}, ""alpha"": {""value"": 0.75, ""comment"": """", ""comment_other"": """"}, ""lambda"": {""value"": 0.0001, ""comment"": """", ""comment_other"": """"}, ""momentum"": {""value"": 0, ""comment"": """", ""comment_other"": """"}, ""user_id"": ""193DD8A""}",0.334,199.899
62,193DD8A,"{""epochs"": {""value"": 15.0, ""comment"": 4, ""comment_other"": """"}, ""batchSize"": {""value"": 20.0, ""comment"": 2, ""comment_other"": """"}, ""lossFunction"": {""value"": ""cross_entropy"", ""comment"": 1, ""comment_other"": """"}, ""optimizer"": {""value"": ""ada_delta"", ""comment"": 1, ""comment_other"": """"}, ""finalSubmission"": {""value"": false}, ""learningRate"": {""value"": 0.001, ""comment"": 2, ""comment_other"": """"}, ""epsilon"": {""value"": 1e-06, ""comment"": 2, ""comment_other"": """"}, ""beta1"": {""value"": 0.9, ""comment_other"": """", ""comment"": """"}, ""beta2"": {""value"": 0.999, ""comment_other"": """", ""comment"": """"}, ""weightDecay"": {""value"": 0, ""comment"": 2, ""comment_other"": """"}, ""rho"": {""value"": 0.9, ""comment"": 2, ""comment_other"": """"}, ""learningRateDecay"": {""value"": 0, ""comment"": """", ""comment_other"": """"}, ""initialAccumulator"": {""value"": 0, ""comment"": """", ""comment_other"": """"}, ""alpha"": {""value"": 0.75, ""comment"": """", ""comment_other"": """"}, ""lambda"": {""value"": 0.0001, ""comment"": """", ""comment_other"": """"}, ""momentum"": {""value"": 0, ""comment"": """", ""comment_other"": """"}, ""user_id"": ""193DD8A""}",0.358,285.644
63,193DD8A,"{""epochs"": {""value"": 10.0, ""comment"": 4, ""comment_other"": """"}, ""batchSize"": {""value"": 20.0, ""comment"": 2, ""comment_other"": """"}, ""lossFunction"": {""value"": ""cross_entropy"", ""comment"": 1, ""comment_other"": """"}, ""optimizer"": {""value"": ""ada_delta"", ""comment"": 1, ""comment_other"": """"}, ""finalSubmission"": {""value"": false}, ""learningRate"": {""value"": 0.001, ""comment"": 2, ""comment_other"": """"}, ""epsilon"": {""value"": 1e-06, ""comment"": 2, ""comment_other"": """"}, ""beta1"": {""value"": 0.9, ""comment_other"": """", ""comment"": """"}, ""beta2"": {""value"": 0.999, ""comment_other"": """", ""comment"": """"}, ""weightDecay"": {""value"": 0, ""comment"": 2, ""comment_other"": """"}, ""rho"": {""value"": 0.9, ""comment"": 2, ""comment_other"": """"}, ""learningRateDecay"": {""value"": 0, ""comment"": """", ""comment_other"": """"}, ""initialAccumulator"": {""value"": 0, ""comment"": """", ""comment_other"": """"}, ""alpha"": {""value"": 0.75, ""comment"": """", ""comment_other"": """"}, ""lambda"": {""value"": 0.0001, ""comment"": """", ""comment_other"": """"}, ""momentum"": {""value"": 0, ""comment"": """", ""comment_other"": """"}, ""user_id"": ""193DD8A""}",0.286,191.809
64,193DD8A,"{""epochs"": {""value"": 15.0, ""comment"": 4, ""comment_other"": """"}, ""batchSize"": {""value"": 15.0, ""comment"": 2, ""comment_other"": """"}, ""lossFunction"": {""value"": ""cross_entropy"", ""comment"": 1, ""comment_other"": """"}, ""optimizer"": {""value"": ""ada_delta"", ""comment"": 1, ""comment_other"": """"}, ""finalSubmission"": {""value"": false}, ""learningRate"": {""value"": 0.001, ""comment"": 2, ""comment_other"": """"}, ""epsilon"": {""value"": 1e-06, ""comment"": 2, ""comment_other"": """"}, ""beta1"": {""value"": 0.9, ""comment_other"": """", ""comment"": """"}, ""beta2"": {""value"": 0.999, ""comment_other"": """", ""comment"": """"}, ""weightDecay"": {""value"": 0, ""comment"": 2, ""comment_other"": """"}, ""rho"": {""value"": 0.9, ""comment"": 2, ""comment_other"": """"}, ""learningRateDecay"": {""value"": 0, ""comment"": """", ""comment_other"": """"}, ""initialAccumulator"": {""value"": 0, ""comment"": """", ""comment_other"": """"}, ""alpha"": {""value"": 0.75, ""comment"": """", ""comment_other"": """"}, ""lambda"": {""value"": 0.0001, ""comment"": """", ""comment_other"": """"}, ""momentum"": {""value"": 0, ""comment"": """", ""comment_other"": """"}, ""user_id"": ""193DD8A""}",0.384,371.224
65,193DD8A,"{""epochs"": {""value"": 15.0, ""comment"": 4, ""comment_other"": """"}, ""batchSize"": {""value"": 15.0, ""comment"": 2, ""comment_other"": """"}, ""lossFunction"": {""value"": ""cross_entropy"", ""comment"": 1, ""comment_other"": """"}, ""optimizer"": {""value"": ""ada_delta"", ""comment"": 1, ""comment_other"": """"}, ""finalSubmission"": {""value"": false}, ""learningRate"": {""value"": 0.02, ""comment"": 1, ""comment_other"": """"}, ""epsilon"": {""value"": 1e-06, ""comment"": 2, ""comment_other"": """"}, ""beta1"": {""value"": 0.9, ""comment_other"": """", ""comment"": """"}, ""beta2"": {""value"": 0.999, ""comment_other"": """", ""comment"": """"}, ""weightDecay"": {""value"": 0, ""comment"": 2, ""comment_other"": """"}, ""rho"": {""value"": 0.9, ""comment"": 2, ""comment_other"": """"}, ""learningRateDecay"": {""value"": 0, ""comment"": """", ""comment_other"": """"}, ""initialAccumulator"": {""value"": 0, ""comment"": """", ""comment_other"": """"}, ""alpha"": {""value"": 0.75, ""comment"": """", ""comment_other"": """"}, ""lambda"": {""value"": 0.0001, ""comment"": """", ""comment_other"": """"}, ""momentum"": {""value"": 0, ""comment"": """", ""comment_other"": """"}, ""user_id"": ""193DD8A""}",0.644,371.536
66,193DD8A,"{""epochs"": {""value"": 15.0, ""comment"": 4, ""comment_other"": """"}, ""batchSize"": {""value"": 15.0, ""comment"": 2, ""comment_other"": """"}, ""lossFunction"": {""value"": ""cross_entropy"", ""comment"": 1, ""comment_other"": """"}, ""optimizer"": {""value"": ""ada_delta"", ""comment"": 1, ""comment_other"": """"}, ""finalSubmission"": {""value"": false}, ""learningRate"": {""value"": 0.05, ""comment"": 1, ""comment_other"": """"}, ""epsilon"": {""value"": 1e-06, ""comment"": 2, ""comment_other"": """"}, ""beta1"": {""value"": 0.9, ""comment_other"": """", ""comment"": """"}, ""beta2"": {""value"": 0.999, ""comment_other"": """", ""comment"": """"}, ""weightDecay"": {""value"": 0, ""comment"": 2, ""comment_other"": """"}, ""rho"": {""value"": 0.9, ""comment"": 2, ""comment_other"": """"}, ""learningRateDecay"": {""value"": 0, ""comment"": """", ""comment_other"": """"}, ""initialAccumulator"": {""value"": 0, ""comment"": """", ""comment_other"": """"}, ""alpha"": {""value"": 0.75, ""comment"": """", ""comment_other"": """"}, ""lambda"": {""value"": 0.0001, ""comment"": """", ""comment_other"": """"}, ""momentum"": {""value"": 0, ""comment"": """", ""comment_other"": """"}, ""user_id"": ""193DD8A""}",0.686,368.835
67,193DD8A,"{""epochs"": {""value"": 15.0, ""comment"": 3, ""comment_other"": """"}, ""batchSize"": {""value"": 15.0, ""comment"": 3, ""comment_other"": """"}, ""lossFunction"": {""value"": ""cross_entropy"", ""comment"": 2, ""comment_other"": """"}, ""optimizer"": {""value"": ""ada_delta"", ""comment"": 2, ""comment_other"": """"}, ""finalSubmission"": {""value"": false}, ""learningRate"": {""value"": 0.05, ""comment"": 4, ""comment_other"": """"}, ""epsilon"": {""value"": 3e-06, ""comment"": 1, ""comment_other"": """"}, ""beta1"": {""value"": 0.9, ""comment_other"": """", ""comment"": """"}, ""beta2"": {""value"": 0.999, ""comment_other"": """", ""comment"": """"}, ""weightDecay"": {""value"": 0, ""comment"": 2, ""comment_other"": """"}, ""rho"": {""value"": 0.9, ""comment"": 2, ""comment_other"": """"}, ""learningRateDecay"": {""value"": 0, ""comment"": """", ""comment_other"": """"}, ""initialAccumulator"": {""value"": 0, ""comment"": """", ""comment_other"": """"}, ""alpha"": {""value"": 0.75, ""comment"": """", ""comment_other"": """"}, ""lambda"": {""value"": 0.0001, ""comment"": """", ""comment_other"": """"}, ""momentum"": {""value"": 0, ""comment"": """", ""comment_other"": """"}, ""user_id"": ""193DD8A""}",-3,-1
68,193DD8A,"{""epochs"": {""value"": 15.0, ""comment"": 3, ""comment_other"": """"}, ""batchSize"": {""value"": 15.0, ""comment"": 3, ""comment_other"": """"}, ""lossFunction"": {""value"": ""cross_entropy"", ""comment"": 2, ""comment_other"": """"}, ""optimizer"": {""value"": ""ada_delta"", ""comment"": 2, ""comment_other"": """"}, ""finalSubmission"": {""value"": false}, ""learningRate"": {""value"": 0.05, ""comment"": 4, ""comment_other"": """"}, ""epsilon"": {""value"": 1e-07, ""comment"": 1, ""comment_other"": """"}, ""beta1"": {""value"": 0.9, ""comment_other"": """", ""comment"": """"}, ""beta2"": {""value"": 0.999, ""comment_other"": """", ""comment"": """"}, ""weightDecay"": {""value"": 0, ""comment"": 2, ""comment_other"": """"}, ""rho"": {""value"": 0.9, ""comment"": 2, ""comment_other"": """"}, ""learningRateDecay"": {""value"": 0, ""comment"": """", ""comment_other"": """"}, ""initialAccumulator"": {""value"": 0, ""comment"": """", ""comment_other"": """"}, ""alpha"": {""value"": 0.75, ""comment"": """", ""comment_other"": """"}, ""lambda"": {""value"": 0.0001, ""comment"": """", ""comment_other"": """"}, ""momentum"": {""value"": 0, ""comment"": """", ""comment_other"": """"}, ""user_id"": ""193DD8A""}",-3,-1
69,193DD8A,"{""epochs"": {""value"": 15.0, ""comment"": 3, ""comment_other"": """"}, ""batchSize"": {""value"": 15.0, ""comment"": 3, ""comment_other"": """"}, ""lossFunction"": {""value"": ""cross_entropy"", ""comment"": 2, ""comment_other"": """"}, ""optimizer"": {""value"": ""ada_delta"", ""comment"": 2, ""comment_other"": """"}, ""finalSubmission"": {""value"": false}, ""learningRate"": {""value"": 0.05, ""comment"": 4, ""comment_other"": """"}, ""epsilon"": {""value"": 1e-06, ""comment"": 1, ""comment_other"": """"}, ""beta1"": {""value"": 0.9, ""comment_other"": """", ""comment"": """"}, ""beta2"": {""value"": 0.999, ""comment_other"": """", ""comment"": """"}, ""weightDecay"": {""value"": 0, ""comment"": 2, ""comment_other"": """"}, ""rho"": {""value"": 0.9, ""comment"": 2, ""comment_other"": """"}, ""learningRateDecay"": {""value"": 0, ""comment"": """", ""comment_other"": """"}, ""initialAccumulator"": {""value"": 0, ""comment"": """", ""comment_other"": """"}, ""alpha"": {""value"": 0.75, ""comment"": """", ""comment_other"": """"}, ""lambda"": {""value"": 0.0001, ""comment"": """", ""comment_other"": """"}, ""momentum"": {""value"": 0, ""comment"": """", ""comment_other"": """"}, ""user_id"": ""193DD8A""}",-3,-1
70,193DD8A,"{""epochs"": {""value"": 15.0, ""comment"": 3, ""comment_other"": """"}, ""batchSize"": {""value"": 15.0, ""comment"": 3, ""comment_other"": """"}, ""lossFunction"": {""value"": ""cross_entropy"", ""comment"": 2, ""comment_other"": """"}, ""optimizer"": {""value"": ""ada_delta"", ""comment"": 2, ""comment_other"": """"}, ""finalSubmission"": {""value"": false}, ""learningRate"": {""value"": 0.05, ""comment"": 4, ""comment_other"": """"}, ""epsilon"": {""value"": 1e-07, ""comment"": 1, ""comment_other"": """"}, ""beta1"": {""value"": 0.9, ""comment_other"": """", ""comment"": """"}, ""beta2"": {""value"": 0.999, ""comment_other"": """", ""comment"": """"}, ""weightDecay"": {""value"": 0, ""comment"": 2, ""comment_other"": """"}, ""rho"": {""value"": 0.9, ""comment"": 2, ""comment_other"": """"}, ""learningRateDecay"": {""value"": 0, ""comment"": """", ""comment_other"": """"}, ""initialAccumulator"": {""value"": 0, ""comment"": """", ""comment_other"": """"}, ""alpha"": {""value"": 0.75, ""comment"": """", ""comment_other"": """"}, ""lambda"": {""value"": 0.0001, ""comment"": """", ""comment_other"": """"}, ""momentum"": {""value"": 0, ""comment"": """", ""comment_other"": """"}, ""user_id"": ""193DD8A""}",0.606,370.751
71,193DD8A,"{""epochs"": {""value"": 15.0, ""comment"": 3, ""comment_other"": """"}, ""batchSize"": {""value"": 15.0, ""comment"": 3, ""comment_other"": """"}, ""lossFunction"": {""value"": ""cross_entropy"", ""comment"": 2, ""comment_other"": """"}, ""optimizer"": {""value"": ""ada_delta"", ""comment"": 2, ""comment_other"": """"}, ""finalSubmission"": {""value"": false}, ""learningRate"": {""value"": 0.05, ""comment"": 4, ""comment_other"": """"}, ""epsilon"": {""value"": 2e-06, ""comment"": 1, ""comment_other"": """"}, ""beta1"": {""value"": 0.9, ""comment_other"": """", ""comment"": """"}, ""beta2"": {""value"": 0.999, ""comment_other"": """", ""comment"": """"}, ""weightDecay"": {""value"": 0, ""comment"": 2, ""comment_other"": """"}, ""rho"": {""value"": 0.9, ""comment"": 2, ""comment_other"": """"}, ""learningRateDecay"": {""value"": 0, ""comment"": """", ""comment_other"": """"}, ""initialAccumulator"": {""value"": 0, ""comment"": """", ""comment_other"": """"}, ""alpha"": {""value"": 0.75, ""comment"": """", ""comment_other"": """"}, ""lambda"": {""value"": 0.0001, ""comment"": """", ""comment_other"": """"}, ""momentum"": {""value"": 0, ""comment"": """", ""comment_other"": """"}, ""user_id"": ""193DD8A""}",0.712,369.633
72,193DD8A,"{""epochs"": {""value"": 15.0, ""comment"": 3, ""comment_other"": """"}, ""batchSize"": {""value"": 15.0, ""comment"": 3, ""comment_other"": """"}, ""lossFunction"": {""value"": ""cross_entropy"", ""comment"": 2, ""comment_other"": """"}, ""optimizer"": {""value"": ""ada_delta"", ""comment"": 2, ""comment_other"": """"}, ""finalSubmission"": {""value"": false}, ""learningRate"": {""value"": 0.05, ""comment"": 3, ""comment_other"": """"}, ""epsilon"": {""value"": 5e-06, ""comment"": 4, ""comment_other"": """"}, ""beta1"": {""value"": 0.9, ""comment_other"": """", ""comment"": """"}, ""beta2"": {""value"": 0.999, ""comment_other"": """", ""comment"": """"}, ""weightDecay"": {""value"": 0, ""comment"": 2, ""comment_other"": """"}, ""rho"": {""value"": 0.9, ""comment"": 2, ""comment_other"": """"}, ""learningRateDecay"": {""value"": 0, ""comment"": """", ""comment_other"": """"}, ""initialAccumulator"": {""value"": 0, ""comment"": """", ""comment_other"": """"}, ""alpha"": {""value"": 0.75, ""comment"": """", ""comment_other"": """"}, ""lambda"": {""value"": 0.0001, ""comment"": """", ""comment_other"": """"}, ""momentum"": {""value"": 0, ""comment"": """", ""comment_other"": """"}, ""user_id"": ""193DD8A""}",0.7,372.29
73,193DD8A,"{""epochs"": {""value"": 15.0, ""comment"": 3, ""comment_other"": """"}, ""batchSize"": {""value"": 15.0, ""comment"": 3, ""comment_other"": """"}, ""lossFunction"": {""value"": ""cross_entropy"", ""comment"": 2, ""comment_other"": """"}, ""optimizer"": {""value"": ""ada_delta"", ""comment"": 2, ""comment_other"": """"}, ""finalSubmission"": {""value"": false}, ""learningRate"": {""value"": 0.05, ""comment"": 3, ""comment_other"": """"}, ""epsilon"": {""value"": 5e-06, ""comment"": 3, ""comment_other"": """"}, ""beta1"": {""value"": 0.9, ""comment_other"": """", ""comment"": """"}, ""beta2"": {""value"": 0.999, ""comment_other"": """", ""comment"": """"}, ""weightDecay"": {""value"": 0.0001, ""comment"": 1, ""comment_other"": """"}, ""rho"": {""value"": 0.9, ""comment"": 2, ""comment_other"": """"}, ""learningRateDecay"": {""value"": 0, ""comment"": """", ""comment_other"": """"}, ""initialAccumulator"": {""value"": 0, ""comment"": """", ""comment_other"": """"}, ""alpha"": {""value"": 0.75, ""comment"": """", ""comment_other"": """"}, ""lambda"": {""value"": 0.0001, ""comment"": """", ""comment_other"": """"}, ""momentum"": {""value"": 0, ""comment"": """", ""comment_other"": """"}, ""user_id"": ""193DD8A""}",0.716,391.065
74,193DD8A,"{""epochs"": {""value"": 15.0, ""comment"": 3, ""comment_other"": """"}, ""batchSize"": {""value"": 15.0, ""comment"": 3, ""comment_other"": """"}, ""lossFunction"": {""value"": ""l1_loss"", ""comment"": 2, ""comment_other"": """"}, ""optimizer"": {""value"": ""ada_delta"", ""comment"": 2, ""comment_other"": """"}, ""finalSubmission"": {""value"": false}, ""learningRate"": {""value"": 0.05, ""comment"": 3, ""comment_other"": """"}, ""epsilon"": {""value"": 5e-06, ""comment"": 3, ""comment_other"": """"}, ""beta1"": {""value"": 0.9, ""comment_other"": """", ""comment"": """"}, ""beta2"": {""value"": 0.999, ""comment_other"": """", ""comment"": """"}, ""weightDecay"": {""value"": 0.0001, ""comment"": 3, ""comment_other"": """"}, ""rho"": {""value"": 0.9, ""comment"": 2, ""comment_other"": """"}, ""learningRateDecay"": {""value"": 0, ""comment"": """", ""comment_other"": """"}, ""initialAccumulator"": {""value"": 0, ""comment"": """", ""comment_other"": """"}, ""alpha"": {""value"": 0.75, ""comment"": """", ""comment_other"": """"}, ""lambda"": {""value"": 0.0001, ""comment"": """", ""comment_other"": """"}, ""momentum"": {""value"": 0, ""comment"": """", ""comment_other"": """"}, ""user_id"": ""193DD8A""}",0.1,395.859
75,193DD8A,"{""epochs"": {""value"": 18.0, ""comment"": 4, ""comment_other"": """"}, ""batchSize"": {""value"": 13.0, ""comment"": 4, ""comment_other"": """"}, ""lossFunction"": {""value"": ""cross_entropy"", ""comment"": 2, ""comment_other"": """"}, ""optimizer"": {""value"": ""ada_delta"", ""comment"": 2, ""comment_other"": """"}, ""finalSubmission"": {""value"": false}, ""learningRate"": {""value"": 0.05, ""comment"": 3, ""comment_other"": """"}, ""epsilon"": {""value"": 5e-06, ""comment"": 3, ""comment_other"": """"}, ""beta1"": {""value"": 0.9, ""comment_other"": """", ""comment"": """"}, ""beta2"": {""value"": 0.999, ""comment_other"": """", ""comment"": """"}, ""weightDecay"": {""value"": 0.0001, ""comment"": 3, ""comment_other"": """"}, ""rho"": {""value"": 0.9, ""comment"": 2, ""comment_other"": """"}, ""learningRateDecay"": {""value"": 0, ""comment"": """", ""comment_other"": """"}, ""initialAccumulator"": {""value"": 0, ""comment"": """", ""comment_other"": """"}, ""alpha"": {""value"": 0.75, ""comment"": """", ""comment_other"": """"}, ""lambda"": {""value"": 0.0001, ""comment"": """", ""comment_other"": """"}, ""momentum"": {""value"": 0, ""comment"": """", ""comment_other"": """"}, ""user_id"": ""193DD8A""}",0.728,537.254
76,193DD8A,"{""epochs"": {""value"": 19.0, ""comment"": 4, ""comment_other"": """"}, ""batchSize"": {""value"": 12.0, ""comment"": 4, ""comment_other"": """"}, ""lossFunction"": {""value"": ""cross_entropy"", ""comment"": 2, ""comment_other"": """"}, ""optimizer"": {""value"": ""ada_delta"", ""comment"": 2, ""comment_other"": """"}, ""finalSubmission"": {""value"": false}, ""learningRate"": {""value"": 0.05, ""comment"": 3, ""comment_other"": """"}, ""epsilon"": {""value"": 5e-06, ""comment"": 3, ""comment_other"": """"}, ""beta1"": {""value"": 0.9, ""comment_other"": """", ""comment"": """"}, ""beta2"": {""value"": 0.999, ""comment_other"": """", ""comment"": """"}, ""weightDecay"": {""value"": 0.0001, ""comment"": 3, ""comment_other"": """"}, ""rho"": {""value"": 0.9, ""comment"": 2, ""comment_other"": """"}, ""learningRateDecay"": {""value"": 0, ""comment"": """", ""comment_other"": """"}, ""initialAccumulator"": {""value"": 0, ""comment"": """", ""comment_other"": """"}, ""alpha"": {""value"": 0.75, ""comment"": """", ""comment_other"": """"}, ""lambda"": {""value"": 0.0001, ""comment"": """", ""comment_other"": """"}, ""momentum"": {""value"": 0, ""comment"": """", ""comment_other"": """"}, ""user_id"": ""193DD8A""}",0.712,609.527
77,193DD8A,"{""epochs"": {""value"": 18.0, ""comment"": 4, ""comment_other"": """"}, ""batchSize"": {""value"": 13.0, ""comment"": 4, ""comment_other"": """"}, ""lossFunction"": {""value"": ""cross_entropy"", ""comment"": 2, ""comment_other"": """"}, ""optimizer"": {""value"": ""ada_delta"", ""comment"": 2, ""comment_other"": """"}, ""finalSubmission"": {""value"": false}, ""learningRate"": {""value"": 0.06, ""comment"": 3, ""comment_other"": """"}, ""epsilon"": {""value"": 5e-06, ""comment"": 3, ""comment_other"": """"}, ""beta1"": {""value"": 0.9, ""comment_other"": """", ""comment"": """"}, ""beta2"": {""value"": 0.999, ""comment_other"": """", ""comment"": """"}, ""weightDecay"": {""value"": 0.0001, ""comment"": 3, ""comment_other"": """"}, ""rho"": {""value"": 0.9, ""comment"": 2, ""comment_other"": """"}, ""learningRateDecay"": {""value"": 0, ""comment"": """", ""comment_other"": """"}, ""initialAccumulator"": {""value"": 0, ""comment"": """", ""comment_other"": """"}, ""alpha"": {""value"": 0.75, ""comment"": """", ""comment_other"": """"}, ""lambda"": {""value"": 0.0001, ""comment"": """", ""comment_other"": """"}, ""momentum"": {""value"": 0, ""comment"": """", ""comment_other"": """"}, ""user_id"": ""193DD8A""}",0.708,533.181
78,45A082A,"{""epochs"": {""value"": 50.0, ""comment"": """", ""comment_other"": """"}, ""batchSize"": {""value"": 64.0, ""comment"": """", ""comment_other"": """"}, ""lossFunction"": {""value"": ""cross_entropy"", ""comment"": 3, ""comment_other"": """"}, ""optimizer"": {""value"": ""adam_optimizer"", ""comment"": 3, ""comment_other"": """"}, ""finalSubmission"": {""value"": false}, ""learningRate"": {""value"": 0.0003, ""comment"": 5, ""comment_other"": ""andrej karpathy twit""}, ""epsilon"": {""value"": 1e-06, ""comment"": """", ""comment_other"": """"}, ""beta1"": {""value"": 0.9, ""comment_other"": """", ""comment"": 3}, ""beta2"": {""value"": 0.999, ""comment_other"": """", ""comment"": 3}, ""weightDecay"": {""value"": 0.0005, ""comment"": 3, ""comment_other"": """"}, ""rho"": {""value"": 0.9, ""comment"": """", ""comment_other"": """"}, ""learningRateDecay"": {""value"": 0, ""comment"": """", ""comment_other"": """"}, ""initialAccumulator"": {""value"": 0, ""comment"": """", ""comment_other"": """"}, ""alpha"": {""value"": 0.75, ""comment"": """", ""comment_other"": """"}, ""lambda"": {""value"": 0.0001, ""comment"": """", ""comment_other"": """"}, ""momentum"": {""value"": 0, ""comment"": """", ""comment_other"": """"}, ""user_id"": ""45A082A""}",0.702,343.329
79,45A082A,"{""epochs"": {""value"": 80.0, ""comment"": """", ""comment_other"": """"}, ""batchSize"": {""value"": 64.0, ""comment"": """", ""comment_other"": """"}, ""lossFunction"": {""value"": ""cross_entropy"", ""comment"": 3, ""comment_other"": """"}, ""optimizer"": {""value"": ""adam_optimizer"", ""comment"": 3, ""comment_other"": """"}, ""finalSubmission"": {""value"": false}, ""learningRate"": {""value"": 0.0003, ""comment"": 5, ""comment_other"": ""andrej karpathy twit""}, ""epsilon"": {""value"": 1e-06, ""comment"": """", ""comment_other"": """"}, ""beta1"": {""value"": 0.9, ""comment_other"": """", ""comment"": 3}, ""beta2"": {""value"": 0.999, ""comment_other"": """", ""comment"": 3}, ""weightDecay"": {""value"": 0.0005, ""comment"": 3, ""comment_other"": """"}, ""rho"": {""value"": 0.9, ""comment"": """", ""comment_other"": """"}, ""learningRateDecay"": {""value"": 0, ""comment"": """", ""comment_other"": """"}, ""initialAccumulator"": {""value"": 0, ""comment"": """", ""comment_other"": """"}, ""alpha"": {""value"": 0.75, ""comment"": """", ""comment_other"": """"}, ""lambda"": {""value"": 0.0001, ""comment"": """", ""comment_other"": """"}, ""momentum"": {""value"": 0, ""comment"": """", ""comment_other"": """"}, ""user_id"": ""45A082A""}",0.756,546.692
80,45A082A,"{""epochs"": {""value"": 80.0, ""comment"": """", ""comment_other"": """"}, ""batchSize"": {""value"": 64.0, ""comment"": """", ""comment_other"": """"}, ""lossFunction"": {""value"": ""cross_entropy"", ""comment"": 3, ""comment_other"": """"}, ""optimizer"": {""value"": ""adam_optimizer"", ""comment"": 3, ""comment_other"": """"}, ""finalSubmission"": {""value"": false}, ""learningRate"": {""value"": 0.002, ""comment"": 5, ""comment_other"": ""andrej karpathy twit""}, ""epsilon"": {""value"": 1e-06, ""comment"": """", ""comment_other"": """"}, ""beta1"": {""value"": 0.9, ""comment_other"": """", ""comment"": 3}, ""beta2"": {""value"": 0.999, ""comment_other"": """", ""comment"": 3}, ""weightDecay"": {""value"": 0.0005, ""comment"": 3, ""comment_other"": """"}, ""rho"": {""value"": 0.9, ""comment"": """", ""comment_other"": """"}, ""learningRateDecay"": {""value"": 0, ""comment"": """", ""comment_other"": """"}, ""initialAccumulator"": {""value"": 0, ""comment"": """", ""comment_other"": """"}, ""alpha"": {""value"": 0.75, ""comment"": """", ""comment_other"": """"}, ""lambda"": {""value"": 0.0001, ""comment"": """", ""comment_other"": """"}, ""momentum"": {""value"": 0, ""comment"": """", ""comment_other"": """"}, ""user_id"": ""45A082A""}",-3,-1
81,45A082A,"{""epochs"": {""value"": 80.0, ""comment"": """", ""comment_other"": """"}, ""batchSize"": {""value"": 64.0, ""comment"": """", ""comment_other"": """"}, ""lossFunction"": {""value"": ""cross_entropy"", ""comment"": 3, ""comment_other"": """"}, ""optimizer"": {""value"": ""adam_optimizer"", ""comment"": 3, ""comment_other"": """"}, ""finalSubmission"": {""value"": false}, ""learningRate"": {""value"": 0.002, ""comment"": 5, ""comment_other"": ""andrej karpathy twit""}, ""epsilon"": {""value"": 1e-06, ""comment"": """", ""comment_other"": """"}, ""beta1"": {""value"": 0.9, ""comment_other"": """", ""comment"": 3}, ""beta2"": {""value"": 0.999, ""comment_other"": """", ""comment"": 3}, ""weightDecay"": {""value"": 0.0005, ""comment"": 3, ""comment_other"": """"}, ""rho"": {""value"": 0.9, ""comment"": """", ""comment_other"": """"}, ""learningRateDecay"": {""value"": 0, ""comment"": """", ""comment_other"": """"}, ""initialAccumulator"": {""value"": 0, ""comment"": """", ""comment_other"": """"}, ""alpha"": {""value"": 0.75, ""comment"": """", ""comment_other"": """"}, ""lambda"": {""value"": 0.0001, ""comment"": """", ""comment_other"": """"}, ""momentum"": {""value"": 0, ""comment"": """", ""comment_other"": """"}, ""user_id"": ""45A082A""}",-3,-1
82,45A082A,"{""epochs"": {""value"": 80.0, ""comment"": """", ""comment_other"": """"}, ""batchSize"": {""value"": 64.0, ""comment"": """", ""comment_other"": """"}, ""lossFunction"": {""value"": ""cross_entropy"", ""comment"": 3, ""comment_other"": """"}, ""optimizer"": {""value"": ""adam_optimizer"", ""comment"": 3, ""comment_other"": """"}, ""finalSubmission"": {""value"": false}, ""learningRate"": {""value"": 0.002, ""comment"": 5, ""comment_other"": ""andrej karpathy twit""}, ""epsilon"": {""value"": 1e-06, ""comment"": """", ""comment_other"": """"}, ""beta1"": {""value"": 0.9, ""comment_other"": """", ""comment"": 3}, ""beta2"": {""value"": 0.999, ""comment_other"": """", ""comment"": 3}, ""weightDecay"": {""value"": 0.0005, ""comment"": 3, ""comment_other"": """"}, ""rho"": {""value"": 0.9, ""comment"": """", ""comment_other"": """"}, ""learningRateDecay"": {""value"": 0, ""comment"": """", ""comment_other"": """"}, ""initialAccumulator"": {""value"": 0, ""comment"": """", ""comment_other"": """"}, ""alpha"": {""value"": 0.75, ""comment"": """", ""comment_other"": """"}, ""lambda"": {""value"": 0.0001, ""comment"": """", ""comment_other"": """"}, ""momentum"": {""value"": 0, ""comment"": """", ""comment_other"": """"}, ""user_id"": ""45A082A""}",-3,-1
83,45A082A,"{""epochs"": {""value"": 80.0, ""comment"": """", ""comment_other"": """"}, ""batchSize"": {""value"": 64.0, ""comment"": 3, ""comment_other"": """"}, ""lossFunction"": {""value"": ""cross_entropy"", ""comment"": 3, ""comment_other"": """"}, ""optimizer"": {""value"": ""sgd"", ""comment"": 3, ""comment_other"": """"}, ""finalSubmission"": {""value"": false}, ""learningRate"": {""value"": 0.001, ""comment"": 3, ""comment_other"": """"}, ""epsilon"": {""value"": 1e-06, ""comment"": """", ""comment_other"": """"}, ""beta1"": {""value"": 0.9, ""comment_other"": """", ""comment"": 3}, ""beta2"": {""value"": 0.999, ""comment_other"": """", ""comment"": 3}, ""weightDecay"": {""value"": 0.0005, ""comment"": 3, ""comment_other"": """"}, ""rho"": {""value"": 0.9, ""comment"": """", ""comment_other"": """"}, ""learningRateDecay"": {""value"": 0, ""comment"": """", ""comment_other"": """"}, ""initialAccumulator"": {""value"": 0, ""comment"": """", ""comment_other"": """"}, ""alpha"": {""value"": 0.75, ""comment"": """", ""comment_other"": """"}, ""lambda"": {""value"": 0.0001, ""comment"": """", ""comment_other"": """"}, ""momentum"": {""value"": 0.9, ""comment"": 3, ""comment_other"": """"}, ""user_id"": ""45A082A""}",0.75,469.779
84,45A082A,"{""epochs"": {""value"": 80.0, ""comment"": """", ""comment_other"": """"}, ""batchSize"": {""value"": 64.0, ""comment"": 3, ""comment_other"": """"}, ""lossFunction"": {""value"": ""cross_entropy"", ""comment"": 3, ""comment_other"": """"}, ""optimizer"": {""value"": ""averaged_sgd"", ""comment"": 1, ""comment_other"": """"}, ""finalSubmission"": {""value"": false}, ""learningRate"": {""value"": 0.001, ""comment"": 3, ""comment_other"": ""andrej karpathy twit""}, ""epsilon"": {""value"": 1e-06, ""comment"": """", ""comment_other"": """"}, ""beta1"": {""value"": 0.9, ""comment_other"": """", ""comment"": 3}, ""beta2"": {""value"": 0.999, ""comment_other"": """", ""comment"": 3}, ""weightDecay"": {""value"": 0.0005, ""comment"": 3, ""comment_other"": """"}, ""rho"": {""value"": 0.9, ""comment"": """", ""comment_other"": """"}, ""learningRateDecay"": {""value"": 0, ""comment"": """", ""comment_other"": """"}, ""initialAccumulator"": {""value"": 0, ""comment"": """", ""comment_other"": """"}, ""alpha"": {""value"": 0.75, ""comment"": """", ""comment_other"": """"}, ""lambda"": {""value"": 0.0001, ""comment"": """", ""comment_other"": """"}, ""momentum"": {""value"": 0.9, ""comment"": 3, ""comment_other"": """"}, ""user_id"": ""45A082A""}",0.656,475.919
85,45A082A,"{""epochs"": {""value"": 80.0, ""comment"": """", ""comment_other"": """"}, ""batchSize"": {""value"": 64.0, ""comment"": 3, ""comment_other"": """"}, ""lossFunction"": {""value"": ""cross_entropy"", ""comment"": 3, ""comment_other"": """"}, ""optimizer"": {""value"": ""ada_delta"", ""comment"": 1, ""comment_other"": """"}, ""finalSubmission"": {""value"": false}, ""learningRate"": {""value"": 0.001, ""comment"": 3, ""comment_other"": ""andrej karpathy twit""}, ""epsilon"": {""value"": 1e-06, ""comment"": """", ""comment_other"": """"}, ""beta1"": {""value"": 0.9, ""comment_other"": """", ""comment"": 3}, ""beta2"": {""value"": 0.999, ""comment_other"": """", ""comment"": 3}, ""weightDecay"": {""value"": 0.0005, ""comment"": 3, ""comment_other"": """"}, ""rho"": {""value"": 0.9, ""comment"": """", ""comment_other"": """"}, ""learningRateDecay"": {""value"": 0, ""comment"": """", ""comment_other"": """"}, ""initialAccumulator"": {""value"": 0, ""comment"": """", ""comment_other"": """"}, ""alpha"": {""value"": 0.75, ""comment"": """", ""comment_other"": """"}, ""lambda"": {""value"": 0.0001, ""comment"": """", ""comment_other"": """"}, ""momentum"": {""value"": 0.9, ""comment"": 3, ""comment_other"": """"}, ""user_id"": ""45A082A""}",0.476,612.398
86,45A082A,"{""epochs"": {""value"": 80.0, ""comment"": """", ""comment_other"": """"}, ""batchSize"": {""value"": 64.0, ""comment"": 3, ""comment_other"": """"}, ""lossFunction"": {""value"": ""cross_entropy"", ""comment"": 3, ""comment_other"": """"}, ""optimizer"": {""value"": ""adam_optimizer"", ""comment"": 1, ""comment_other"": """"}, ""finalSubmission"": {""value"": false}, ""learningRate"": {""value"": 0.001, ""comment"": 3, ""comment_other"": ""andrej karpathy twit""}, ""epsilon"": {""value"": 1e-06, ""comment"": """", ""comment_other"": """"}, ""beta1"": {""value"": 0.9, ""comment_other"": """", ""comment"": 3}, ""beta2"": {""value"": 0.999, ""comment_other"": """", ""comment"": 3}, ""weightDecay"": {""value"": 0.0005, ""comment"": 3, ""comment_other"": """"}, ""rho"": {""value"": 0.9, ""comment"": """", ""comment_other"": """"}, ""learningRateDecay"": {""value"": 0, ""comment"": """", ""comment_other"": """"}, ""initialAccumulator"": {""value"": 0, ""comment"": """", ""comment_other"": """"}, ""alpha"": {""value"": 0.75, ""comment"": """", ""comment_other"": """"}, ""lambda"": {""value"": 0.0001, ""comment"": """", ""comment_other"": """"}, ""momentum"": {""value"": 0.9, ""comment"": 3, ""comment_other"": """"}, ""user_id"": ""45A082A""}",0.1,543.583
87,45A082A,"{""epochs"": {""value"": 80.0, ""comment"": """", ""comment_other"": """"}, ""batchSize"": {""value"": 128.0, ""comment"": 3, ""comment_other"": """"}, ""lossFunction"": {""value"": ""cross_entropy"", ""comment"": 3, ""comment_other"": """"}, ""optimizer"": {""value"": ""adam_optimizer"", ""comment"": 1, ""comment_other"": """"}, ""finalSubmission"": {""value"": false}, ""learningRate"": {""value"": 0.0003, ""comment"": 5, ""comment_other"": ""andrej karpathy twit""}, ""epsilon"": {""value"": 1e-06, ""comment"": """", ""comment_other"": """"}, ""beta1"": {""value"": 0.9, ""comment_other"": """", ""comment"": 3}, ""beta2"": {""value"": 0.999, ""comment_other"": """", ""comment"": 3}, ""weightDecay"": {""value"": 0.0005, ""comment"": 3, ""comment_other"": """"}, ""rho"": {""value"": 0.9, ""comment"": """", ""comment_other"": """"}, ""learningRateDecay"": {""value"": 0, ""comment"": """", ""comment_other"": """"}, ""initialAccumulator"": {""value"": 0, ""comment"": """", ""comment_other"": """"}, ""alpha"": {""value"": 0.75, ""comment"": """", ""comment_other"": """"}, ""lambda"": {""value"": 0.0001, ""comment"": """", ""comment_other"": """"}, ""momentum"": {""value"": 0.9, ""comment"": 3, ""comment_other"": """"}, ""user_id"": ""45A082A""}",0.752,424.625
88,45A082A,"{""epochs"": {""value"": 80.0, ""comment"": """", ""comment_other"": """"}, ""batchSize"": {""value"": 128.0, ""comment"": 3, ""comment_other"": """"}, ""lossFunction"": {""value"": ""cross_entropy"", ""comment"": 3, ""comment_other"": """"}, ""optimizer"": {""value"": ""sgd"", ""comment"": 1, ""comment_other"": """"}, ""finalSubmission"": {""value"": false}, ""learningRate"": {""value"": 0.001, ""comment"": 3, ""comment_other"": ""andrej karpathy twit""}, ""epsilon"": {""value"": 1e-06, ""comment"": """", ""comment_other"": """"}, ""beta1"": {""value"": 0.9, ""comment_other"": """", ""comment"": 3}, ""beta2"": {""value"": 0.999, ""comment_other"": """", ""comment"": 3}, ""weightDecay"": {""value"": 0.0005, ""comment"": 3, ""comment_other"": """"}, ""rho"": {""value"": 0.9, ""comment"": """", ""comment_other"": """"}, ""learningRateDecay"": {""value"": 0, ""comment"": """", ""comment_other"": """"}, ""initialAccumulator"": {""value"": 0, ""comment"": """", ""comment_other"": """"}, ""alpha"": {""value"": 0.75, ""comment"": """", ""comment_other"": """"}, ""lambda"": {""value"": 0.0001, ""comment"": """", ""comment_other"": """"}, ""momentum"": {""value"": 0.9, ""comment"": 3, ""comment_other"": """"}, ""user_id"": ""45A082A""}",0.76,417.873
89,45A082A,"{""epochs"": {""value"": 80.0, ""comment"": """", ""comment_other"": """"}, ""batchSize"": {""value"": 128.0, ""comment"": 3, ""comment_other"": """"}, ""lossFunction"": {""value"": ""cross_entropy"", ""comment"": 3, ""comment_other"": """"}, ""optimizer"": {""value"": ""sgd"", ""comment"": 3, ""comment_other"": """"}, ""finalSubmission"": {""value"": false}, ""learningRate"": {""value"": 0.001, ""comment"": 3, ""comment_other"": ""andrej karpathy twit""}, ""epsilon"": {""value"": 1e-06, ""comment"": """", ""comment_other"": """"}, ""beta1"": {""value"": 0.9, ""comment_other"": """", ""comment"": 3}, ""beta2"": {""value"": 0.999, ""comment_other"": """", ""comment"": 3}, ""weightDecay"": {""value"": 0.0005, ""comment"": 3, ""comment_other"": """"}, ""rho"": {""value"": 0.9, ""comment"": """", ""comment_other"": """"}, ""learningRateDecay"": {""value"": 0, ""comment"": """", ""comment_other"": """"}, ""initialAccumulator"": {""value"": 0, ""comment"": """", ""comment_other"": """"}, ""alpha"": {""value"": 0.75, ""comment"": """", ""comment_other"": """"}, ""lambda"": {""value"": 0.0001, ""comment"": """", ""comment_other"": """"}, ""momentum"": {""value"": 0.9, ""comment"": 3, ""comment_other"": """"}, ""user_id"": ""45A082A""}",-3,-1
90,0B7093A,"{""epochs"": {""value"": 30.0, ""comment"": """", ""comment_other"": """"}, ""batchSize"": {""value"": 32.0, ""comment"": """", ""comment_other"": """"}, ""lossFunction"": {""value"": ""cross_entropy"", ""comment"": """", ""comment_other"": """"}, ""optimizer"": {""value"": ""sgd"", ""comment"": """", ""comment_other"": """"}, ""finalSubmission"": {""value"": false}, ""learningRate"": {""value"": 0.001, ""comment"": """", ""comment_other"": """"}, ""epsilon"": {""value"": 1e-06, ""comment"": """", ""comment_other"": """"}, ""beta1"": {""value"": 0.9, ""comment_other"": """", ""comment"": """"}, ""beta2"": {""value"": 0.999, ""comment_other"": """", ""comment"": """"}, ""weightDecay"": {""value"": 0, ""comment"": """", ""comment_other"": """"}, ""rho"": {""value"": 0.9, ""comment"": """", ""comment_other"": """"}, ""learningRateDecay"": {""value"": 0, ""comment"": """", ""comment_other"": """"}, ""initialAccumulator"": {""value"": 0, ""comment"": """", ""comment_other"": """"}, ""alpha"": {""value"": 0.75, ""comment"": """", ""comment_other"": """"}, ""lambda"": {""value"": 0.0001, ""comment"": """", ""comment_other"": """"}, ""momentum"": {""value"": 0, ""comment"": """", ""comment_other"": """"}, ""user_id"": ""0B7093A""}",0.6,250.924
91,0B7093A,"{""epochs"": {""value"": 30.0, ""comment"": """", ""comment_other"": """"}, ""batchSize"": {""value"": 32.0, ""comment"": """", ""comment_other"": """"}, ""lossFunction"": {""value"": ""cross_entropy"", ""comment"": """", ""comment_other"": """"}, ""optimizer"": {""value"": ""sgd"", ""comment"": """", ""comment_other"": """"}, ""finalSubmission"": {""value"": false}, ""learningRate"": {""value"": 0.0003, ""comment"": """", ""comment_other"": """"}, ""epsilon"": {""value"": 1e-06, ""comment"": """", ""comment_other"": """"}, ""beta1"": {""value"": 0.9, ""comment_other"": """", ""comment"": """"}, ""beta2"": {""value"": 0.999, ""comment_other"": """", ""comment"": """"}, ""weightDecay"": {""value"": 3e-05, ""comment"": """", ""comment_other"": """"}, ""rho"": {""value"": 0.9, ""comment"": """", ""comment_other"": """"}, ""learningRateDecay"": {""value"": 0, ""comment"": """", ""comment_other"": """"}, ""initialAccumulator"": {""value"": 0, ""comment"": """", ""comment_other"": """"}, ""alpha"": {""value"": 0.75, ""comment"": """", ""comment_other"": """"}, ""lambda"": {""value"": 0.0001, ""comment"": """", ""comment_other"": """"}, ""momentum"": {""value"": 0, ""comment"": """", ""comment_other"": """"}, ""user_id"": ""0B7093A""}",0.53,261.686
92,0B7093A,"{""epochs"": {""value"": 30.0, ""comment"": """", ""comment_other"": """"}, ""batchSize"": {""value"": 32.0, ""comment"": """", ""comment_other"": """"}, ""lossFunction"": {""value"": ""cross_entropy"", ""comment"": """", ""comment_other"": """"}, ""optimizer"": {""value"": ""sgd"", ""comment"": """", ""comment_other"": """"}, ""finalSubmission"": {""value"": false}, ""learningRate"": {""value"": 0.003, ""comment"": """", ""comment_other"": """"}, ""epsilon"": {""value"": 1e-06, ""comment"": """", ""comment_other"": """"}, ""beta1"": {""value"": 0.9, ""comment_other"": """", ""comment"": """"}, ""beta2"": {""value"": 0.999, ""comment_other"": """", ""comment"": """"}, ""weightDecay"": {""value"": 3e-05, ""comment"": """", ""comment_other"": """"}, ""rho"": {""value"": 0.9, ""comment"": """", ""comment_other"": """"}, ""learningRateDecay"": {""value"": 0, ""comment"": """", ""comment_other"": """"}, ""initialAccumulator"": {""value"": 0, ""comment"": """", ""comment_other"": """"}, ""alpha"": {""value"": 0.75, ""comment"": """", ""comment_other"": """"}, ""lambda"": {""value"": 0.0001, ""comment"": """", ""comment_other"": """"}, ""momentum"": {""value"": 0, ""comment"": """", ""comment_other"": """"}, ""user_id"": ""0B7093A""}",-3,-1
93,0B7093A,"{""epochs"": {""value"": 28.0, ""comment"": """", ""comment_other"": """"}, ""batchSize"": {""value"": 32.0, ""comment"": """", ""comment_other"": """"}, ""lossFunction"": {""value"": ""cross_entropy"", ""comment"": """", ""comment_other"": """"}, ""optimizer"": {""value"": ""sgd"", ""comment"": """", ""comment_other"": """"}, ""finalSubmission"": {""value"": false}, ""learningRate"": {""value"": 0.003, ""comment"": """", ""comment_other"": """"}, ""epsilon"": {""value"": 1e-06, ""comment"": """", ""comment_other"": """"}, ""beta1"": {""value"": 0.9, ""comment_other"": """", ""comment"": """"}, ""beta2"": {""value"": 0.999, ""comment_other"": """", ""comment"": """"}, ""weightDecay"": {""value"": 3e-05, ""comment"": """", ""comment_other"": """"}, ""rho"": {""value"": 0.9, ""comment"": """", ""comment_other"": """"}, ""learningRateDecay"": {""value"": 0, ""comment"": """", ""comment_other"": """"}, ""initialAccumulator"": {""value"": 0, ""comment"": """", ""comment_other"": """"}, ""alpha"": {""value"": 0.75, ""comment"": """", ""comment_other"": """"}, ""lambda"": {""value"": 0.0001, ""comment"": """", ""comment_other"": """"}, ""momentum"": {""value"": 0, ""comment"": """", ""comment_other"": """"}, ""user_id"": ""0B7093A""}",0.674,243.932
94,0B7093A,"{""epochs"": {""value"": 70.0, ""comment"": """", ""comment_other"": """"}, ""batchSize"": {""value"": 32.0, ""comment"": """", ""comment_other"": """"}, ""lossFunction"": {""value"": ""cross_entropy"", ""comment"": """", ""comment_other"": """"}, ""optimizer"": {""value"": ""sgd"", ""comment"": """", ""comment_other"": """"}, ""finalSubmission"": {""value"": false}, ""learningRate"": {""value"": 0.003, ""comment"": """", ""comment_other"": """"}, ""epsilon"": {""value"": 1e-06, ""comment"": """", ""comment_other"": """"}, ""beta1"": {""value"": 0.9, ""comment_other"": """", ""comment"": """"}, ""beta2"": {""value"": 0.999, ""comment_other"": """", ""comment"": """"}, ""weightDecay"": {""value"": 3e-05, ""comment"": """", ""comment_other"": """"}, ""rho"": {""value"": 0.9, ""comment"": """", ""comment_other"": """"}, ""learningRateDecay"": {""value"": 0, ""comment"": """", ""comment_other"": """"}, ""initialAccumulator"": {""value"": 0, ""comment"": """", ""comment_other"": """"}, ""alpha"": {""value"": 0.75, ""comment"": """", ""comment_other"": """"}, ""lambda"": {""value"": 0.0001, ""comment"": """", ""comment_other"": """"}, ""momentum"": {""value"": 0, ""comment"": """", ""comment_other"": """"}, ""user_id"": ""0B7093A""}",0.778,605.486
95,0B7093A,"{""epochs"": {""value"": 69.0, ""comment"": """", ""comment_other"": """"}, ""batchSize"": {""value"": 32.0, ""comment"": """", ""comment_other"": """"}, ""lossFunction"": {""value"": ""cross_entropy"", ""comment"": """", ""comment_other"": """"}, ""optimizer"": {""value"": ""sgd"", ""comment"": """", ""comment_other"": """"}, ""finalSubmission"": {""value"": false}, ""learningRate"": {""value"": 0.003, ""comment"": """", ""comment_other"": """"}, ""epsilon"": {""value"": 1e-06, ""comment"": """", ""comment_other"": """"}, ""beta1"": {""value"": 0.9, ""comment_other"": """", ""comment"": """"}, ""beta2"": {""value"": 0.999, ""comment_other"": """", ""comment"": """"}, ""weightDecay"": {""value"": 3e-05, ""comment"": """", ""comment_other"": """"}, ""rho"": {""value"": 0.9, ""comment"": """", ""comment_other"": """"}, ""learningRateDecay"": {""value"": 0, ""comment"": """", ""comment_other"": """"}, ""initialAccumulator"": {""value"": 0, ""comment"": """", ""comment_other"": """"}, ""alpha"": {""value"": 0.75, ""comment"": """", ""comment_other"": """"}, ""lambda"": {""value"": 0.0001, ""comment"": """", ""comment_other"": """"}, ""momentum"": {""value"": 0, ""comment"": """", ""comment_other"": """"}, ""user_id"": ""0B7093A""}",0.724,598.457
96,0B7093A,"{""epochs"": {""value"": 70.0, ""comment"": """", ""comment_other"": """"}, ""batchSize"": {""value"": 32.0, ""comment"": """", ""comment_other"": """"}, ""lossFunction"": {""value"": ""cross_entropy"", ""comment"": """", ""comment_other"": """"}, ""optimizer"": {""value"": ""sgd"", ""comment"": """", ""comment_other"": """"}, ""finalSubmission"": {""value"": false}, ""learningRate"": {""value"": 0.003, ""comment"": """", ""comment_other"": """"}, ""epsilon"": {""value"": 1e-06, ""comment"": """", ""comment_other"": """"}, ""beta1"": {""value"": 0.9, ""comment_other"": """", ""comment"": """"}, ""beta2"": {""value"": 0.999, ""comment_other"": """", ""comment"": """"}, ""weightDecay"": {""value"": 3e-05, ""comment"": """", ""comment_other"": """"}, ""rho"": {""value"": 0.9, ""comment"": """", ""comment_other"": """"}, ""learningRateDecay"": {""value"": 0, ""comment"": """", ""comment_other"": """"}, ""initialAccumulator"": {""value"": 0, ""comment"": """", ""comment_other"": """"}, ""alpha"": {""value"": 0.75, ""comment"": """", ""comment_other"": """"}, ""lambda"": {""value"": 0.0001, ""comment"": """", ""comment_other"": """"}, ""momentum"": {""value"": 0.9, ""comment"": """", ""comment_other"": """"}, ""user_id"": ""0B7093A""}",0.664,659.309
97,0B7093A,"{""epochs"": {""value"": 70.0, ""comment"": """", ""comment_other"": """"}, ""batchSize"": {""value"": 32.0, ""comment"": """", ""comment_other"": """"}, ""lossFunction"": {""value"": ""cross_entropy"", ""comment"": """", ""comment_other"": """"}, ""optimizer"": {""value"": ""sgd"", ""comment"": """", ""comment_other"": """"}, ""finalSubmission"": {""value"": false}, ""learningRate"": {""value"": 0.003, ""comment"": """", ""comment_other"": """"}, ""epsilon"": {""value"": 1e-06, ""comment"": """", ""comment_other"": """"}, ""beta1"": {""value"": 0.9, ""comment_other"": """", ""comment"": """"}, ""beta2"": {""value"": 0.999, ""comment_other"": """", ""comment"": """"}, ""weightDecay"": {""value"": 3e-05, ""comment"": """", ""comment_other"": """"}, ""rho"": {""value"": 0.9, ""comment"": """", ""comment_other"": """"}, ""learningRateDecay"": {""value"": 0, ""comment"": """", ""comment_other"": """"}, ""initialAccumulator"": {""value"": 0, ""comment"": """", ""comment_other"": """"}, ""alpha"": {""value"": 0.75, ""comment"": """", ""comment_other"": """"}, ""lambda"": {""value"": 0.0001, ""comment"": """", ""comment_other"": """"}, ""momentum"": {""value"": 0.1, ""comment"": """", ""comment_other"": """"}, ""user_id"": ""0B7093A""}",0.776,661.735
98,0B7093A,"{""epochs"": {""value"": 140.0, ""comment"": """", ""comment_other"": """"}, ""batchSize"": {""value"": 32.0, ""comment"": """", ""comment_other"": """"}, ""lossFunction"": {""value"": ""cross_entropy"", ""comment"": """", ""comment_other"": """"}, ""optimizer"": {""value"": ""sgd"", ""comment"": """", ""comment_other"": """"}, ""finalSubmission"": {""value"": false}, ""learningRate"": {""value"": 0.0003, ""comment"": """", ""comment_other"": """"}, ""epsilon"": {""value"": 1e-06, ""comment"": """", ""comment_other"": """"}, ""beta1"": {""value"": 0.9, ""comment_other"": """", ""comment"": """"}, ""beta2"": {""value"": 0.999, ""comment_other"": """", ""comment"": """"}, ""weightDecay"": {""value"": 3e-05, ""comment"": """", ""comment_other"": """"}, ""rho"": {""value"": 0.9, ""comment"": """", ""comment_other"": """"}, ""learningRateDecay"": {""value"": 0, ""comment"": """", ""comment_other"": """"}, ""initialAccumulator"": {""value"": 0, ""comment"": """", ""comment_other"": """"}, ""alpha"": {""value"": 0.75, ""comment"": """", ""comment_other"": """"}, ""lambda"": {""value"": 0.0001, ""comment"": """", ""comment_other"": """"}, ""momentum"": {""value"": 0.25, ""comment"": """", ""comment_other"": """"}, ""user_id"": ""0B7093A""}",0.728,1314.46
99,739CF5A,"{""epochs"": {""value"": 100.0, ""comment"": 1, ""comment_other"": """"}, ""batchSize"": {""value"": 50.0, ""comment"": 1, ""comment_other"": """"}, ""lossFunction"": {""value"": ""cross_entropy"", ""comment"": 1, ""comment_other"": """"}, ""optimizer"": {""value"": ""sgd"", ""comment"": 1, ""comment_other"": """"}, ""finalSubmission"": {""value"": false}, ""learningRate"": {""value"": 0.01, ""comment"": 1, ""comment_other"": """"}, ""epsilon"": {""value"": 1e-06, ""comment"": """", ""comment_other"": """"}, ""beta1"": {""value"": 0.9, ""comment_other"": """", ""comment"": """"}, ""beta2"": {""value"": 0.999, ""comment_other"": """", ""comment"": """"}, ""weightDecay"": {""value"": 0, ""comment"": """", ""comment_other"": """"}, ""rho"": {""value"": 0.9, ""comment"": """", ""comment_other"": """"}, ""learningRateDecay"": {""value"": 0, ""comment"": """", ""comment_other"": """"}, ""initialAccumulator"": {""value"": 0, ""comment"": """", ""comment_other"": """"}, ""alpha"": {""value"": 0.75, ""comment"": """", ""comment_other"": """"}, ""lambda"": {""value"": 0.0001, ""comment"": """", ""comment_other"": """"}, ""momentum"": {""value"": 0, ""comment"": """", ""comment_other"": """"}, ""user_id"": ""739CF5A""}",0.704,608.04
100,739CF5A,"{""epochs"": {""value"": 100.0, ""comment"": 1, ""comment_other"": """"}, ""batchSize"": {""value"": 50.0, ""comment"": 1, ""comment_other"": """"}, ""lossFunction"": {""value"": ""cross_entropy"", ""comment"": 1, ""comment_other"": """"}, ""optimizer"": {""value"": ""sgd"", ""comment"": 1, ""comment_other"": """"}, ""finalSubmission"": {""value"": false}, ""learningRate"": {""value"": 0.001, ""comment"": 1, ""comment_other"": """"}, ""epsilon"": {""value"": 1e-06, ""comment"": """", ""comment_other"": """"}, ""beta1"": {""value"": 0.9, ""comment_other"": """", ""comment"": """"}, ""beta2"": {""value"": 0.999, ""comment_other"": """", ""comment"": """"}, ""weightDecay"": {""value"": 0, ""comment"": """", ""comment_other"": """"}, ""rho"": {""value"": 0.9, ""comment"": """", ""comment_other"": """"}, ""learningRateDecay"": {""value"": 0, ""comment"": """", ""comment_other"": """"}, ""initialAccumulator"": {""value"": 0, ""comment"": """", ""comment_other"": """"}, ""alpha"": {""value"": 0.75, ""comment"": """", ""comment_other"": """"}, ""lambda"": {""value"": 0.0001, ""comment"": """", ""comment_other"": """"}, ""momentum"": {""value"": 0, ""comment"": """", ""comment_other"": """"}, ""user_id"": ""739CF5A""}",0.75,608.497
101,739CF5A,"{""epochs"": {""value"": 100.0, ""comment"": 1, ""comment_other"": """"}, ""batchSize"": {""value"": 50.0, ""comment"": 1, ""comment_other"": """"}, ""lossFunction"": {""value"": ""l1_loss"", ""comment"": 1, ""comment_other"": """"}, ""optimizer"": {""value"": ""sgd"", ""comment"": 1, ""comment_other"": """"}, ""finalSubmission"": {""value"": false}, ""learningRate"": {""value"": 0.001, ""comment"": 1, ""comment_other"": """"}, ""epsilon"": {""value"": 1e-06, ""comment"": """", ""comment_other"": """"}, ""beta1"": {""value"": 0.9, ""comment_other"": """", ""comment"": """"}, ""beta2"": {""value"": 0.999, ""comment_other"": """", ""comment"": """"}, ""weightDecay"": {""value"": 0, ""comment"": """", ""comment_other"": """"}, ""rho"": {""value"": 0.9, ""comment"": """", ""comment_other"": """"}, ""learningRateDecay"": {""value"": 0, ""comment"": """", ""comment_other"": """"}, ""initialAccumulator"": {""value"": 0, ""comment"": """", ""comment_other"": """"}, ""alpha"": {""value"": 0.75, ""comment"": """", ""comment_other"": """"}, ""lambda"": {""value"": 0.0001, ""comment"": """", ""comment_other"": """"}, ""momentum"": {""value"": 0, ""comment"": """", ""comment_other"": """"}, ""user_id"": ""739CF5A""}",0.1,625.502
102,739CF5A,"{""epochs"": {""value"": 100.0, ""comment"": 1, ""comment_other"": """"}, ""batchSize"": {""value"": 50.0, ""comment"": 1, ""comment_other"": """"}, ""lossFunction"": {""value"": ""cross_entropy"", ""comment"": 1, ""comment_other"": """"}, ""optimizer"": {""value"": ""adam_optimizer"", ""comment"": 1, ""comment_other"": """"}, ""finalSubmission"": {""value"": false}, ""learningRate"": {""value"": 0.001, ""comment"": 1, ""comment_other"": """"}, ""epsilon"": {""value"": 1e-06, ""comment"": """", ""comment_other"": """"}, ""beta1"": {""value"": 0.9, ""comment_other"": """", ""comment"": """"}, ""beta2"": {""value"": 0.999, ""comment_other"": """", ""comment"": """"}, ""weightDecay"": {""value"": 0, ""comment"": """", ""comment_other"": """"}, ""rho"": {""value"": 0.9, ""comment"": """", ""comment_other"": """"}, ""learningRateDecay"": {""value"": 0, ""comment"": """", ""comment_other"": """"}, ""initialAccumulator"": {""value"": 0, ""comment"": """", ""comment_other"": """"}, ""alpha"": {""value"": 0.75, ""comment"": """", ""comment_other"": """"}, ""lambda"": {""value"": 0.0001, ""comment"": """", ""comment_other"": """"}, ""momentum"": {""value"": 0, ""comment"": """", ""comment_other"": """"}, ""user_id"": ""739CF5A""}",0.1,770.245
103,739CF5A,"{""epochs"": {""value"": 100.0, ""comment"": 1, ""comment_other"": """"}, ""batchSize"": {""value"": 50.0, ""comment"": 1, ""comment_other"": """"}, ""lossFunction"": {""value"": ""cross_entropy"", ""comment"": 1, ""comment_other"": """"}, ""optimizer"": {""value"": ""rms_prop"", ""comment"": 1, ""comment_other"": """"}, ""finalSubmission"": {""value"": false}, ""learningRate"": {""value"": 0.001, ""comment"": 1, ""comment_other"": """"}, ""epsilon"": {""value"": 1e-06, ""comment"": """", ""comment_other"": """"}, ""beta1"": {""value"": 0.9, ""comment_other"": """", ""comment"": """"}, ""beta2"": {""value"": 0.999, ""comment_other"": """", ""comment"": """"}, ""weightDecay"": {""value"": 0, ""comment"": """", ""comment_other"": """"}, ""rho"": {""value"": 0.9, ""comment"": """", ""comment_other"": """"}, ""learningRateDecay"": {""value"": 0, ""comment"": """", ""comment_other"": """"}, ""initialAccumulator"": {""value"": 0, ""comment"": """", ""comment_other"": """"}, ""alpha"": {""value"": 0.75, ""comment"": """", ""comment_other"": """"}, ""lambda"": {""value"": 0.0001, ""comment"": """", ""comment_other"": """"}, ""momentum"": {""value"": 0, ""comment"": """", ""comment_other"": """"}, ""user_id"": ""739CF5A""}",0.1,716.867
